brand,categories,cashback,tier_rates,upsized,url
1001 Optical,Eyecare; Health and Beauty,Up to 8% Cashback,,,https://www.topcashback.com.au/1001-optical/
1300 Flowers,Gifts,10% Cashback,,,https://www.topcashback.com.au/1300-flowers/
2XU,Activewear; Accessories; Fashion,4% Cashback,,,https://www.topcashback.com.au/2xu/
47 Brand,Accessories,1% Cashback,,,https://www.topcashback.com.au/47-brand/
4WD Supacentre,Cyclingtest,5% Cashback,,,https://www.topcashback.com.au/4wd-supacentre/
A Little Thing,Gifts,Up to 20% Cashback,,,https://www.topcashback.com.au/a-little-thing/
AbeBooks,Books Magazines,2% Cashback,,,https://www.topcashback.com.au/abebooks/
Above The Collar,Body and Hair; Cosmetics; Fragrances; Health and Beauty,Up to 7% Cashback,,,https://www.topcashback.com.au/above-the-collar/
Accor Live Limitless,Accommodation,Up to 10% Cashback,,,https://www.topcashback.com.au/accor-live-limitless/
Adairs,Furniture; Home and Garden,11% Cashback,,yes,https://www.topcashback.com.au/adairs/
Adam & Eve,Health and Beauty,10% Cashback,,,https://www.topcashback.com.au/adam-and-eve/
adidas,Activewear; Cyclingtest; Fashion,15% Cashback,,yes,https://www.topcashback.com.au/adidas/
Adobe,Apps and Services; Contracts and PAYG; Electricals; Laptops and Computers; Home and Garden,Up to 65% Cashback,,,https://www.topcashback.com.au/adobe/
Adore Beauty,Health and Beauty,Up to 3% Cashback,,,https://www.topcashback.com.au/adore-beauty/
Adrenaline,Experiences; Holidays,5% Cashback,,,https://www.topcashback.com.au/adrenaline/
Adrift,Accessories; Fashion,8% Cashback,,,https://www.topcashback.com.au/adrift/
AdultToy Megastore,Lingerie; Fashion; Health and Beauty,Up to 20% Cashback,,,https://www.topcashback.com.au/adulttoy-megastore/
Adventure Kings,Fashion,5% Cashback,,,https://www.topcashback.com.au/adventure-kings/
Advwin,Furniture; Interior Decor,7% Cashback,,,https://www.topcashback.com.au/advwin/
Aerre,Fragrances; Health and Beauty,Up to 10% Cashback,,,https://www.topcashback.com.au/aerre/
Agoda,Accommodation; Holidays,14% Cashback,,yes,https://www.topcashback.com.au/agoda/
aim'n,Activewear; Fashion,10% Cashback,,,https://www.topcashback.com.au/aimn/
Aiper,Home and Garden,8% Cashback,,,https://www.topcashback.com.au/aiper/
Air India,Flights; Holidays,Up to 0.75% Cashback,,,https://www.topcashback.com.au/air-india/
Air New Zealand,Flights; Holidays,1.5% Cashback,,,https://www.topcashback.com.au/air-new-zealand/
Airseekers Robotics,Garden,5% Cashback,,,https://www.topcashback.com.au/airseekers-robotics/
Airtasker,Apps and Services; Contracts and PAYG,5% Cashback,,,https://www.topcashback.com.au/airtasker/
Alamour The Label,Fashion,5% Cashback,,,https://www.topcashback.com.au/alamour-the-label/
Alexandra,Fashion,8% Cashback,,,https://www.topcashback.com.au/alexandraau/
AliExpress,Delivery Services; Electricals; Home Appliances; Laptops and Computers; Credit Rating; Home and Garden; Marketplace,5.2% Cashback,,,https://www.topcashback.com.au/aliexpress/
All About Eve,Fashion,4% Cashback,,,https://www.topcashback.com.au/all-about-eve/
ALL Accor+,Accommodation,8% Cashback,,,https://www.topcashback.com.au/all-accor/
AllClear Travel Insurance,Insurance; Landlord Insurance,10% Cashback,,,https://www.topcashback.com.au/allclear-travel-insurance/
AllSole,Footwear,Up to 8% Cashback,,,https://www.topcashback.com.au/allsole/
Ally Fashion,Accessories; Fashion,Up to 9% Cashback,,,https://www.topcashback.com.au/ally-fashion/
Altina Drinks,Food and Drinks,10% Cashback,,,https://www.topcashback.com.au/altina-drinks/
AM Supply,Fashion,Up to 8% Cashback,,,https://www.topcashback.com.au/am-supply/
amaysim,Contracts and PAYG,$76.92 Cashback,,,https://www.topcashback.com.au/amaysim/
Amazed,Experiences,8% Cashback,,,https://www.topcashback.com.au/amazed/
Amazon,Credit Rating; Marketplace,Up to 10% Cashback,,,https://www.topcashback.com.au/amazon/
Amber Sceats,Accessories,9% Cashback,,,https://www.topcashback.com.au/amber-sceats/
American Tourister,Accessories; Fashion,5% Cashback,,,https://www.topcashback.com.au/american-tourister/
AMF Magnetics,Furniture,Up to 10% Cashback,,,https://www.topcashback.com.au/amf-magnetics/
Amore Mall,Cosmetics; Health and Beauty,6% Cashback,,,https://www.topcashback.com.au/amore-mall/
Anaconda,Activewear; Cyclingtest; Footwear; Fashion,2% Cashback,,,https://www.topcashback.com.au/anaconda/
Anantara Hotels and Resorts,Holidays,3% Cashback,,,https://www.topcashback.com.au/anantara-hotels-and-resorts/
Anastasia Beverly Hills,Body and Hair; Cosmetics; Health and Beauty,Up to 8% Cashback,,,https://www.topcashback.com.au/anastasia-beverly-hills/
Ancient Greek Sandals,Footwear; Fashion,8% Cashback,,,https://www.topcashback.com.au/ancient-greek-sandals/
Andie Swim,Activewear,Up to 10% Cashback,,,https://www.topcashback.com.au/andie-swim/
Angara,Accessories; Gifts; Jewellery,3% Cashback,,,https://www.topcashback.com.au/angara/
Anker,Contracts and PAYG; Electricals; Home Appliances; Home and Garden,8% Cashback,,,https://www.topcashback.com.au/anker/
Anker SOLIX,Electricals; Home and Garden,5% Cashback,,,https://www.topcashback.com.au/anker-solix/
Antler,Accessories; Fashion,3.5% Cashback,,,https://www.topcashback.com.au/antler/
Antonioli,Accessories; Jewellery,8% Cashback,,,https://www.topcashback.com.au/antonioli/
Apex Car Rentals,Car Hire,7% Cashback,,,https://www.topcashback.com.au/apex-car-rentals/
Apple,Contracts and PAYG; Delivery Services; Electricals; Jewellery; Laptops and Computers; Credit Rating; Home and Garden; Fashion,2% Cashback,,,https://www.topcashback.com.au/apple/
AQUAME,Food and Drinks,20% Cashback,,,https://www.topcashback.com.au/aquame/
Arms Of Eve,Accessories; Jewellery; Fashion,Up to 5% Cashback,,,https://www.topcashback.com.au/arms-of-eve/
Ashaya,Health and Beauty,10% Cashback,,,https://www.topcashback.com.au/ashaya/
Ashford,Jewellery; Luxury,4% Cashback,,,https://www.topcashback.com.au/ashford/
ASICS,Activewear; Cyclingtest; Footwear; Fashion,5% Cashback,,,https://www.topcashback.com.au/asics/
ASOS,Accessories; Cyclingtest; Footwear; Fashion,Up to 6% Cashback,,,https://www.topcashback.com.au/asos/
Aspinal of London,Accessories; Fashion,Up to 15% Cashback,,yes,https://www.topcashback.com.au/aspinal-of-london/
Atlantis Sleep,Interior Decor,6% Cashback,,,https://www.topcashback.com.au/atlantis-sleep/
AttractionTickets.com,Holidays,Up to 2% Cashback,,yes,https://www.topcashback.com.au/attractiontickets/
Atura Hotels & Resorts,Accommodation,3% Cashback,,,https://www.topcashback.com.au/atura-hotels-and-resorts/
Aunt Betty,Flights,2% Cashback,,,https://www.topcashback.com.au/aunt-betty/
AURA Home,Gifts,7% Cashback,,,https://www.topcashback.com.au/aura-home/
Auras Insurance,Insurance; Landlord Insurance,20% Cashback,,,https://www.topcashback.com.au/auras-insurance/
aussieBum,Fashion,5% Cashback,,,https://www.topcashback.com.au/aussiebum/
Australian NaturalCare,Health and Beauty,10% Cashback,,,https://www.topcashback.com.au/australian-naturalcare/
Australian Ugg Boots,Footwear; Fashion,6.4% Cashback,,,https://www.topcashback.com.au/australian-ugg-boots/
Auto Europe Car Rentals,Car Hire,3% Cashback,,,https://www.topcashback.com.au/auto-europe-car-rentals/
Autobarn,Diy; Electricals; Home Appliances; Home and Garden,3% Cashback,,,https://www.topcashback.com.au/autobarn/
Autograph,Footwear; Home and Garden; Lingerie; Fashion; Health and Beauty,Up to 5% Cashback,,,https://www.topcashback.com.au/autograph/
Automotive Superstore,Cars and Bikes,2.5% Cashback,,,https://www.topcashback.com.au/automotive-superstore/
Avani Hotels & Resorts,Accommodation,4% Cashback,,,https://www.topcashback.com.au/avani-hotels-and-resorts/
Aveda,Body and Hair; Cosmetics; Health and Beauty,Up to 5% Cashback,,,https://www.topcashback.com.au/aveda/
AVIS Car Rentals,Car Hire,Up to 7% Cashback,,,https://www.topcashback.com.au/avis/
AVIS Car Rentals (NZ),Car Hire,Up to 7% Cashback,,,https://www.topcashback.com.au/avis-nz/
Awai,Accommodation; Flights; Holidays,4% Cashback,,,https://www.topcashback.com.au/awai/
AXL+CO,Fashion,3% Cashback,,,https://www.topcashback.com.au/axl-co/
Azura Runway,Fashion,10% Cashback,,,https://www.topcashback.com.au/azura-runway/
Baccarat,Home and Garden,4% Cashback,,,https://www.topcashback.com.au/baccarat/
Bagsmart,Accessories; Fashion,6% Cashback,,,https://www.topcashback.com.au/bagsmart/
Balsam Hill AU,Home and Garden,4% Cashback,,,https://www.topcashback.com.au/balsam-hill-au/
Banana Republic,Accessories; Fashion,4% Cashback,,,https://www.topcashback.com.au/banana-republic/
Banbe Eyewear,Eyecare; Health and Beauty,5% Cashback,,,https://www.topcashback.com.au/banbe-eyewear/
Banggood,Footwear; Home and Garden; Fashion; Marketplace; Health and Beauty,6% Cashback,,,https://www.topcashback.com.au/bang-good/
Banksia Tourist Park,Accommodation,6% Cashback,,,https://www.topcashback.com.au/banksia-tourist-park/
BannerBuzz,Gifts,6% Cashback,,,https://www.topcashback.com.au/bannerbuzz/
Barcelo,Accommodation,6% Cashback,,,https://www.topcashback.com.au/barcelo/
Bardot,Accessories,8% Cashback,,,https://www.topcashback.com.au/bardot/
Bardot Junior,Kidswear; Fashion,8% Cashback,,,https://www.topcashback.com.au/bardot-junior/
Base Blu,Luxury,6% Cashback,,,https://www.topcashback.com.au/base-blu/
BASE Compression,Activewear,10% Cashback,,,https://www.topcashback.com.au/base-compression/
Bassike,Fashion,5% Cashback,,,https://www.topcashback.com.au/bassike/
Bausele,Accessories; Jewellery; Fashion,7% Cashback,,,https://www.topcashback.com.au/bausele/
BCF,Fashion,3% Cashback,,,https://www.topcashback.com.au/bcf/
Be Fit Food,Food and Drinks; Health and Beauty,Up to 10% Cashback,,,https://www.topcashback.com.au/be-fit-food/
Beachcomber Hotels & Resorts,Accommodation,6% Cashback,,,https://www.topcashback.com.au/beachcomber-hotels-and-resorts/
Beauty Affairs,Cosmetics; Fragrances; Luxury; Health and Beauty,7% Cashback,,,https://www.topcashback.com.au/beauty-affairs/
Beauty Amora,Body and Hair; Cosmetics; Eyecare; Health and Beauty,5% Cashback,,,https://www.topcashback.com.au/beauty-amora/
BecexTech,Contracts and PAYG; Electricals; Laptops and Computers; Home and Garden,0.6% Cashback,,,https://www.topcashback.com.au/becextech/
Bed Bath N' Table,Garden; Furniture; Home Appliances; Interior Decor; Home and Garden; Health and Beauty,9% Cashback,,,https://www.topcashback.com.au/bed-bath-n-table/
BeDaring,Lingerie; Fashion,15% Cashback,,,https://www.topcashback.com.au/bedaring/
Bedding co.,Furniture; Home and Garden,8% Cashback,,,https://www.topcashback.com.au/bedding-co/
Beds n Dreams,Furniture; Home and Garden,6% Cashback,,,https://www.topcashback.com.au/beds-n-dreams/
Bedworks,Furniture; Interior Decor,3% Cashback,,,https://www.topcashback.com.au/bedworks/
Bedzy,Furniture,Up to 5% Cashback,,,https://www.topcashback.com.au/bedzy/
Beer Cartel,Alcohol; Food and Drinks,7% Cashback,,,https://www.topcashback.com.au/beer-cartel/
Beginning Boutique,Accessories; Footwear; Jewellery; Fashion,Up to 5% Cashback,,,https://www.topcashback.com.au/beginning-boutique/
Belkin,Electricals,4% Cashback,,,https://www.topcashback.com.au/belkin/
Belle & Bloom,Fashion,5% Cashback,,,https://www.topcashback.com.au/belle-and-bloom/
BelleZeke,Fashion,8% Cashback,,,https://www.topcashback.com.au/bellezeke/
Bellroy,Accessories; Fashion,9% Cashback,,,https://www.topcashback.com.au/bellroy/
Bendon Lingerie,Fashion,9% Cashback,,,https://www.topcashback.com.au/bendon-lingerie/
Berjaya Hotels & Resorts,Accommodation,3% Cashback,,,https://www.topcashback.com.au/berjaya-hotels-and-resorts/
Berlei,Accessories; Fashion,6% Cashback,,,https://www.topcashback.com.au/berlei/
Bernardelli,Kidswear; Fashion,6% Cashback,,,https://www.topcashback.com.au/bernardelli/
Bessemer,Home Appliances,6% Cashback,,,https://www.topcashback.com.au/bessemer/
Best & Less,Kidswear; Fashion,3% Cashback,,,https://www.topcashback.com.au/best-and-less/
Best Restaurants Gift Cards,Gifts,7% Cashback,,,https://www.topcashback.com.au/best-restaurants-gift-cards/
Betty Basics,Fashion,10% Cashback,,,https://www.topcashback.com.au/betty-basics/
Big Box Store,Electricals; Furniture; Home Appliances; Interior Decor; Home and Garden,7% Cashback,,,https://www.topcashback.com.au/big-box-store/
Big Little Campers (NZ),Car Hire,6% Cashback,,,https://www.topcashback.com.au/big-little-campers-nz/
BIG W,Electricals; Furniture; Footwear; Home Appliances; Interior Decor; Kidswear; Home and Garden; Fashion,0.5% Cashback,,,https://www.topcashback.com.au/big-w/
BIG W Marketplace,Accessories; Electricals; Garden; Furniture; Footwear; Home Appliances; Interior Decor; Kidswear; Home and Garden; Lingerie; Fashion,4% Cashback,,,https://www.topcashback.com.au/big-w-marketplace/
Billini,Footwear; Fashion,Up to 8% Cashback,,yes,https://www.topcashback.com.au/billini/
Bing Lee,Electricals; Cyclingtest; Home Appliances; Home and Garden; Marketplace; Health and Beauty,2% Cashback,,,https://www.topcashback.com.au/bing-lee/
Biovea,Health and Beauty,5% Cashback,,,https://www.topcashback.com.au/biovea/
Bissell,Home Appliances; Home and Garden,7% Cashback,,yes,https://www.topcashback.com.au/bissell/
Bistara Linen,Furniture; Interior Decor,15% Cashback,,,https://www.topcashback.com.au/bistara-linen/
Black,Accessories; Fashion,5% Cashback,,,https://www.topcashback.com.au/black/
Black Pepper,Fashion,4% Cashback,,,https://www.topcashback.com.au/black-pepper/
Blackmores,Health and Beauty,10% Cashback,,,https://www.topcashback.com.au/blackmores/
Blinkist,Apps and Services; Iphone,20% Cashback,,,https://www.topcashback.com.au/blinkist/
Bloomingdales,Footwear; Jewellery; Kidswear; Fashion,3% Cashback,,,https://www.topcashback.com.au/bloomingdales/
Blue Bungalow,Fashion,1% Cashback,,,https://www.topcashback.com.au/blue-bungalow/
Blue Illusion,Footwear; Jewellery; Fashion,5% Cashback,,,https://www.topcashback.com.au/blue-illusion/
Blue Travel Insurance,Experiences; Holidays,8% Cashback,,,https://www.topcashback.com.au/blue-travel-insurance/
Blys,Health and Beauty,5% Cashback,,,https://www.topcashback.com.au/blys/
Bobbi Brown,Cosmetics; Health and Beauty,Up to 5% Cashback,,,https://www.topcashback.com.au/bobbi-brown/
Bockers & Pony,Gifts,6% Cashback,,,https://www.topcashback.com.au/bockers-and-pony/
Boden,Kidswear; Fashion,Up to 3% Cashback,,,https://www.topcashback.com.au/boden/
Bogs Footwear,Footwear; Fashion,7% Cashback,,,https://www.topcashback.com.au/bogs-footwear/
Bohemian Traders,Fashion,Up to 7% Cashback,,,https://www.topcashback.com.au/bohemian-traders/
Bondi Sands,Body and Hair; Cosmetics; Health and Beauty,Up to 8% Cashback,,,https://www.topcashback.com.au/bondi-sands/
Bondi Smile,Cosmetics; Health and Beauty,10% Cashback,,,https://www.topcashback.com.au/bondi-smile/
Bonds,Accessories; Cyclingtest; Fashion,No Cashback,,,https://www.topcashback.com.au/bonds/
Bonheur Jewellery,Jewellery; Fashion,15% Cashback,,,https://www.topcashback.com.au/bonheur-jewellery/
Boody,Lingerie; Fashion,Up to 15% Cashback,,,https://www.topcashback.com.au/boody/
Boohoo,Footwear; Fashion,Up to 5% Cashback,,,https://www.topcashback.com.au/boohoo/
BoohooMAN,Footwear; Fashion,Up to 6% Cashback,,,https://www.topcashback.com.au/boohooman/
BookFHR,Car Hire; Flights; Holidays,Up to 8.5% Cashback,,,https://www.topcashback.com.au/bookfhr/
Booktopia,Books Magazines,3% Cashback,,,https://www.topcashback.com.au/booktopia/
Boost Mobile,Contracts and PAYG,Up to $70 Cashback,,yes,https://www.topcashback.com.au/boost-mobile/
Boost Refurb Shop,Contracts and PAYG,$10 Cashback,,,https://www.topcashback.com.au/boost-refurb-shop/
Bose,Electricals,Up to 3% Cashback,,,https://www.topcashback.com.au/bose/
Boutiquefeel,Activewear; Accessories; Footwear; Lingerie; Fashion,10% Cashback,,,https://www.topcashback.com.au/boutiquefeel/
Bras n Things,Lingerie; Fashion,Up to 5.4% Cashback,,,https://www.topcashback.com.au/bras-n-things/
Braun,Electricals; Home Appliances; Home and Garden,10% Cashback,,,https://www.topcashback.com.au/braun/
Brava Lingerie,Fashion,5% Cashback,,,https://www.topcashback.com.au/brava-lingerie/
Breville,Electricals; Home Appliances; Home and Garden,4% Cashback,,,https://www.topcashback.com.au/breville/
Brewquets,Alcohol; Food and Drinks; Gifts,7% Cashback,,,https://www.topcashback.com.au/brewquets/
BRITA,Home Appliances; Home and Garden,10% Cashback,,,https://www.topcashback.com.au/brita/
Brooks Running,Activewear; Footwear; Fashion,Up to 6.5% Cashback,,,https://www.topcashback.com.au/brooks-running/
Brooks Running (NZ),Footwear,10% Cashback,,,https://www.topcashback.com.au/brooks-running-nz/
Browns Fashion,Fashion,Up to 7% Cashback,,,https://www.topcashback.com.au/browns-fashion/
Bubledon,Fashion,15% Cashback,,,https://www.topcashback.com.au/bubledon/
Budget Car Rentals,Car Hire,Up to 7% Cashback,,,https://www.topcashback.com.au/budget/
Budget Car Rentals (NZ),Car Hire,Up to 7% Cashback,,,https://www.topcashback.com.au/budget-car-rentals-nz/
Bump Shoes,Footwear; Fashion,7.5% Cashback,,,https://www.topcashback.com.au/bump-shoes/
BURGA,Accessories; Fashion,Up to 10% Cashback,,,https://www.topcashback.com.au/burga/
Bush Tucker Blends,Food; Food and Drinks,10% Cashback,,,https://www.topcashback.com.au/bush-tucker-blends/
ButcherCrowd,Food; Food and Drinks,7% Cashback,,,https://www.topcashback.com.au/butchercrowd/
Butter Travel Insurance,Insurance; Landlord Insurance,12.5% Cashback,,,https://www.topcashback.com.au/butter-travel-insurance/
BWS,Alcohol; Food and Drinks,Up to 5.6% Cashback,,,https://www.topcashback.com.au/bws/
By Charlotte,Jewellery; Fashion,5% Cashback,,,https://www.topcashback.com.au/by-charlotte/
byFood,Food and Drinks,5% Cashback,,,https://www.topcashback.com.au/byfood/
BYOjet,Flights; Holidays,2% Cashback,,,https://www.topcashback.com.au/byojet/
Callie,Gifts; Marketplace,6% Cashback,,,https://www.topcashback.com.au/calliee/
Calvin Klein,Accessories; Lingerie; Fashion,3% Cashback,,,https://www.topcashback.com.au/calvin-klein/
Camera House,Electricals; Home and Garden,1.9% Cashback,,,https://www.topcashback.com.au/camera-house/
CameraPro,Home and Garden,2% Cashback,,,https://www.topcashback.com.au/camerapro/
Camilla,Accessories; Kidswear; Home and Garden; Fashion; Luxury,Up to 6% Cashback,,yes,https://www.topcashback.com.au/camilla/
Camper,Footwear; Fashion,Up to 8% Cashback,,,https://www.topcashback.com.au/camperau/
Camplify,Cars and Bikes,5% Cashback,,yes,https://www.topcashback.com.au/camplify/
Canningvale,Furniture; Home and Garden,4% Cashback,,,https://www.topcashback.com.au/canningvale/
Car Mods Australia,Cars and Bikes,Up to 5% Cashback,,,https://www.topcashback.com.au/car-mods-australia/
Carbar,Car Hire,$10 Cashback,,,https://www.topcashback.com.au/carbar/
Care You,Gifts,5% Cashback,,,https://www.topcashback.com.au/care-you/
CarHistory,Cars and Bikes,15% Cashback,,,https://www.topcashback.com.au/carhistory/
Carina Hair Wigs,Body and Hair; Health and Beauty,25% Cashback,,,https://www.topcashback.com.au/carina-hair-wigs/
Carla Zampatti,Fashion,Up to 6% Cashback,,,https://www.topcashback.com.au/carla-zampatti/
Carly Australia,Cars and Bikes,$10 Cashback,,,https://www.topcashback.com.au/carly-australia/
CarMatsCulture,Cars and Bikes,1% Cashback,,,https://www.topcashback.com.au/carmatsculture/
Cars24,Car Hire; Cars and Bikes,$40 Cashback,,,https://www.topcashback.com.au/cars24/
Cartridges Direct,Electricals; Laptops and Computers; Home and Garden,Up to 4% Cashback,,,https://www.topcashback.com.au/cartridges-direct/
Casadei,Footwear; Fashion,7% Cashback,,,https://www.topcashback.com.au/casadei/
CASETiFY,Contracts and PAYG; Accessories; Fashion,Up to 5% Cashback,,,https://www.topcashback.com.au/casetify/
Castore,Activewear; Fashion,5% Cashback,,,https://www.topcashback.com.au/castore/
CAT Workwear,Accessories; Footwear; Kidswear; Fashion,5% Cashback,,,https://www.topcashback.com.au/cat-workwear/
Cathay Pacific,Flights,1% Cashback,,,https://www.topcashback.com.au/cathay-pacific/
Celebration Box (NZ),Gifts,5% Cashback,,,https://www.topcashback.com.au/celebration-box-nz/
CellarSpace,Alcohol; Food and Drinks,Up to 10% Cashback,,,https://www.topcashback.com.au/cellarspace/
CEMOY,Cosmetics; Eyecare; Fragrances; Health and Beauty,8% Cashback,,,https://www.topcashback.com.au/cemoy/
Chain Valley Gifts,Gifts,10% Cashback,,,https://www.topcashback.com.au/chain-valley-gifts/
Champion,Activewear; Accessories; Fashion,4% Cashback,,,https://www.topcashback.com.au/champion/
Chanalai Hotels & Resorts,Accommodation,6% Cashback,,,https://www.topcashback.com.au/chanalai-hotels-and-resorts/
Charity Hampers,Alcohol; Food and Drinks; Gifts; Luxury,8% Cashback,,,https://www.topcashback.com.au/charity-hampers/
Charles & Keith,Accessories; Eyecare; Footwear; Jewellery; Fashion; Health and Beauty,Up to 8% Cashback,,,https://www.topcashback.com.au/charles-and-keith/
Charles Tyrwhitt,Fashion,10% Cashback,,yes,https://www.topcashback.com.au/charles-tyrwhitt/
Charlotte Tilbury,Body and Hair; Cosmetics; Gifts; Health and Beauty,2% Cashback,,,https://www.topcashback.com.au/charlotte-tilbury/
Check My Body Health,Health and Beauty,15% Cashback,,,https://www.topcashback.com.au/check-my-body-health/
ChefGood,Food; Food and Drinks,Up to 10% Cashback,,,https://www.topcashback.com.au/chefgood/
Chemist Direct,Health and Beauty,4% Cashback,,,https://www.topcashback.com.au/chemist-direct/
Chemist Warehouse,Body and Hair; Cosmetics; Fragrances; Health and Beauty,2% Cashback,,,https://www.topcashback.com.au/chemist-warehouse/
Chemist Warehouse (NZ),Body and Hair; Cosmetics; Eyecare; Fragrances; Health and Beauty,1% Cashback,,,https://www.topcashback.com.au/chemist-warehouse-nz/
Cherry Banana,Lingerie; Fashion,Up to 15% Cashback,,,https://www.topcashback.com.au/cherry-banana/
ChicMe,Activewear,10% Cashback,,,https://www.topcashback.com.au/chicme/
Chief Nutrition,Food; Food and Drinks; Health and Beauty,Up to 8% Cashback,,,https://www.topcashback.com.au/chief-nutrition/
Chiropedic,Furniture,8% Cashback,,,https://www.topcashback.com.au/chiropedic/
Chow Sang Sang Jewellery,Accessories; Gifts; Jewellery; Fashion,Up to 10% Cashback,,,https://www.topcashback.com.au/chow-sang-sang-jewellery/
Christmas Warehouse,Diy; Electricals; Garden; Furniture; Interior Decor; Home and Garden,4% Cashback,,,https://www.topcashback.com.au/christmas-warehouse/
CIRCA,Gifts,8% Cashback,,,https://www.topcashback.com.au/circa/
CircleDNA,Health and Beauty,10% Cashback,,,https://www.topcashback.com.au/circledna/
City Beach,Accessories; Cyclingtest; Fashion,Up to 6% Cashback,,,https://www.topcashback.com.au/city-beach/
City Chic,Accessories; Fashion,Up to 8% Cashback,,,https://www.topcashback.com.au/city-chic/
City Perfume,Cosmetics; Fragrances; Health and Beauty,5% Cashback,,,https://www.topcashback.com.au/city-perfume/
Cityroomz Hotels,Accommodation,3% Cashback,,,https://www.topcashback.com.au/cityroomz-hotels/
Clarks,Footwear; Fashion,8% Cashback,,,https://www.topcashback.com.au/clarks/
ClassBento,Food and Drinks,Up to 5% Cashback,,,https://www.topcashback.com.au/classbento/
Clearly,Eyecare; Health and Beauty,Up to 12% Cashback,,yes,https://www.topcashback.com.au/clearly/
Clinique,Cosmetics; Health and Beauty,Up to 5% Cashback,,,https://www.topcashback.com.au/clinique/
Club L London,Accessories,Up to 7% Cashback,,,https://www.topcashback.com.au/club-l-london/
Club X,Fashion,Up to 15% Cashback,,,https://www.topcashback.com.au/club-x/
Coach,Accessories; Cyclingtest; Gifts; Footwear; Fashion,5% Cashback,,,https://www.topcashback.com.au/coach/
Coccinelle,Fashion,7% Cashback,,,https://www.topcashback.com.au/coccinelle/
Coco&Eve,Body and Hair; Health and Beauty,8% Cashback,,,https://www.topcashback.com.au/coco-and-eve/
Coggles,Footwear; Jewellery; Interior Decor,Up to 6% Cashback,,,https://www.topcashback.com.au/coggles/
Coles,Food and Drinks,0.3% Cashback,,,https://www.topcashback.com.au/coles/
Compare Club,Insurance; Landlord Insurance,Up to $100 Cashback,,,https://www.topcashback.com.au/compare-club/
Compare The Market,Energy; Insurance; Landlord Insurance; Credit Rating,Up to $265 Cashback,,yes,https://www.topcashback.com.au/compare-the-market/
Connor,Accessories; Fashion,3% Cashback,,,https://www.topcashback.com.au/connor/
Connor (NZ),Fashion,3% Cashback,,,https://www.topcashback.com.au/connor-nz/
Conserving Beauty,Health and Beauty,10% Cashback,,,https://www.topcashback.com.au/conserving-beauty/
Constance Hotels & Resorts,Accommodation,5% Cashback,,,https://www.topcashback.com.au/constance-hotels-and-resorts/
Contiki,Accommodation; Experiences; Holidays,5% Cashback,,,https://www.topcashback.com.au/contiki/
Converse,Footwear,2% Cashback,,,https://www.topcashback.com.au/converse/
CookDineHost,Home Appliances,Up to 8% Cashback,,,https://www.topcashback.com.au/cookdinehost/
Cookware Brands,Home and Garden,7% Cashback,,,https://www.topcashback.com.au/cookware-brands/
CoolThings Australia,Gifts,6.4% Cashback,,,https://www.topcashback.com.au/coolthings-australia/
Coolzy,Electricals; Home and Garden,5% Cashback,,,https://www.topcashback.com.au/coolzy/
Cordis Hotel (NZ),Accommodation,4% Cashback,,,https://www.topcashback.com.au/cordis-hotel-nz/
Core Trainer,Activewear,10% Cashback,,,https://www.topcashback.com.au/core-trainer/
CORECOLOUR,Accessories; Fashion,10% Cashback,,,https://www.topcashback.com.au/corecolour/
COS,Footwear; Jewellery; Fashion,Up to 6% Cashback,,,https://www.topcashback.com.au/cos/
Cosmetic Capital,Body and Hair; Cosmetics; Eyecare; Fragrances; Health and Beauty,4.5% Cashback,,,https://www.topcashback.com.au/cosmetic-capital/
Costway,Furniture; Home and Garden,5% Cashback,,,https://www.topcashback.com.au/costway/
Cosy Camp,Activewear; Fashion,5% Cashback,,,https://www.topcashback.com.au/cosy-camp/
Cotosen,Accessories; Footwear; Fashion,12% Cashback,,,https://www.topcashback.com.au/cotosen/
Cotton On,Lingerie; Fashion,Up to 8% Cashback,,,https://www.topcashback.com.au/cotton-on/
Cotton On BODY,Lingerie; Fashion,Up to 8% Cashback,,,https://www.topcashback.com.au/cotton-on-body/
Cotton On KIDS,Kidswear; Fashion,Up to 8% Cashback,,,https://www.topcashback.com.au/cotton-on-kids/
Country Road,Kidswear; Fashion,5% Cashback,,,https://www.topcashback.com.au/country-road/
Cover-More Travel Insurance,Insurance; Landlord Insurance,10% Cashback,,,https://www.topcashback.com.au/cover-more-travel-insurance/
Cover-More Travel Insurance (NZ),Experiences; Flights; Holidays,8% Cashback,,,https://www.topcashback.com.au/cover-more-travel-insurance-nz/
Cracked Soda,Kidswear,10% Cashback,,,https://www.topcashback.com.au/cracked-soda/
Craft Cartel Liquor,Alcohol; Food and Drinks,Up to 25% Cashback,,,https://www.topcashback.com.au/craft-cartel-liquor/
Crazy Sales,Body and Hair; Cosmetics; Electricals; Furniture; Home and Garden; Marketplace; Health and Beauty,5% Cashback,,,https://www.topcashback.com.au/crazy-sales/
Crocs,Footwear; Fashion,Up to 7% Cashback,,,https://www.topcashback.com.au/crocs/
Crop Shop Boutique,Activewear; Fashion,Up to 8% Cashback,,,https://www.topcashback.com.au/crop-shop-boutique/
Crossroads,Accessories; Home and Garden; Fashion; Health and Beauty,5% Cashback,,,https://www.topcashback.com.au/crossroads/
Cue,Fashion,Up to 8% Cashback,,yes,https://www.topcashback.com.au/cue/
Cult Beauty,Body and Hair; Cosmetics; Fragrances; Health and Beauty,Up to 5% Cashback,,,https://www.topcashback.com.au/cult-beauty/
Culture Kings,Accessories; Fashion,Up to 5% Cashback,,,https://www.topcashback.com.au/culture-kings/
CUPSHE,Accessories,Up to 6% Cashback,,,https://www.topcashback.com.au/cupshe/
Curtain Wonderland,Furniture; Interior Decor,10% Cashback,,,https://www.topcashback.com.au/curtain-wonderland/
CyberGhost VPN,Credit Rating,90% Cashback,,yes,https://www.topcashback.com.au/cyberghost-vpn/
Czarina,Fashion,15% Cashback,,,https://www.topcashback.com.au/czarina/
Dangerfield,Kidswear; Fashion,7% Cashback,,,https://www.topcashback.com.au/dangerfield/
Daniel Wellington,Jewellery; Fashion; Luxury,10% Cashback,,,https://www.topcashback.com.au/daniel-wellington/
David Jones,Accessories; Electricals; Furniture; Footwear; Home Appliances; Jewellery; Interior Decor; Laptops and Computers; Kidswear; Home and Garden; Lingerie; Fashion,2.7% Cashback,,,https://www.topcashback.com.au/david-jones/
David Lawrence,Fashion,4% Cashback,,,https://www.topcashback.com.au/david-lawrence/
DB Cosmetics,Cosmetics; Health and Beauty,Up to 9% Cashback,,,https://www.topcashback.com.au/db-cosmetics/
DC Shoes,Footwear; Fashion,Up to 8% Cashback,,,https://www.topcashback.com.au/dc-shoes/
De'Longhi,Electricals; Food; Food and Drinks; Home Appliances; Home and Garden,10% Cashback,,,https://www.topcashback.com.au/delonghi/
DECJUBA,Fashion,Up to 7% Cashback,,,https://www.topcashback.com.au/decjuba/
DecoRug,Furniture; Interior Decor; Home and Garden,8% Cashback,,,https://www.topcashback.com.au/decorug/
Dell,Electricals; Laptops and Computers; Home and Garden,Up to 6% Cashback,,yes,https://www.topcashback.com.au/dell/
Depop,Credit Rating; Marketplace,Up to 10% Cashback,,,https://www.topcashback.com.au/depop/
Dermeren,Body and Hair; Health and Beauty,20% Cashback,,,https://www.topcashback.com.au/dermeren/
Designer Makeup Tools,Cosmetics; Health and Beauty,10% Cashback,,,https://www.topcashback.com.au/designer-makeup-tools/
Designer Plants,Garden,10% Cashback,,,https://www.topcashback.com.au/designer-plants/
Designer Vertical Gardens,Garden,10% Cashback,,,https://www.topcashback.com.au/designer-vertical-gardens/
DG Designs,Gifts,10% Cashback,,,https://www.topcashback.com.au/dg-designs/
Diesel,Gifts; Kidswear,6% Cashback,,,https://www.topcashback.com.au/diesel/
digiDirect,Electricals; Laptops and Computers; Home and Garden,Up to 2% Cashback,,,https://www.topcashback.com.au/digidirect/
Dinnerly,Food; Food and Drinks,$15 Cashback,,,https://www.topcashback.com.au/dinnerly/
Direct Ferries,Experiences; Holidays,Up to 4% Cashback,,,https://www.topcashback.com.au/direct-ferries/
Discover Cars,Car Hire,4.5% Cashback,,,https://www.topcashback.com.au/discover-cars/
Disney Store,Accessories; Kidswear; Fashion,4% Cashback,,,https://www.topcashback.com.au/disney-store/
Disney+,Home and Garden,Up to $15 Cashback,,,https://www.topcashback.com.au/disney-plus/
Divano,Furniture,8% Cashback,,,https://www.topcashback.com.au/divano/
dk active,Activewear,Up to 15% Cashback,,,https://www.topcashback.com.au/dk-active/
DOKODEMO,Body and Hair; Cosmetics; Electricals; Food and Drinks; Kidswear; Fashion; Marketplace; Health and Beauty,3% Cashback,,,https://www.topcashback.com.au/dokodemo/
Dope Skin Co,Body and Hair; Health and Beauty,7% Cashback,,,https://www.topcashback.com.au/dope-skin-co/
Dose & Co.,Health and Beauty,Up to 15% Cashback,,,https://www.topcashback.com.au/dose-and-co/
Dozen Deals,Alcohol; Food and Drinks,8% Cashback,,,https://www.topcashback.com.au/dozen-deals/
Dr Martens,Footwear; Fashion,Up to 7% Cashback,,,https://www.topcashback.com.au/dr-martens/
Dr Martens (NZ),Footwear; Fashion,Up to 3% Cashback,,,https://www.topcashback.com.au/dr-martens-nz/
Dreame,Books Magazines,5% Cashback,,,https://www.topcashback.com.au/dreame/
DREAMO,Furniture,3% Cashback,,,https://www.topcashback.com.au/dreamo/
Dresden,Accessories; Eyecare; Fashion; Health and Beauty,5% Cashback,,,https://www.topcashback.com.au/dresden/
Drink Hyro,Food and Drinks,15% Cashback,,,https://www.topcashback.com.au/drink-hyro/
Drinkmate,Food and Drinks,Up to 6% Cashback,,,https://www.topcashback.com.au/drinkmate/
Drop,Electricals,2% Cashback,,,https://www.topcashback.com.au/drop/
Dupes & Co,Fragrances; Health and Beauty,10% Cashback,,,https://www.topcashback.com.au/dupes-and-co/
Dusit Hotels & Resorts,Accommodation,5% Cashback,,,https://www.topcashback.com.au/dusit-hotels-and-resorts/
dusk,Fragrances; Gifts; Home and Garden; Health and Beauty,8% Cashback,,,https://www.topcashback.com.au/dusk/
Dymocks Books & Gifts,Books Magazines,Up to 3% Cashback,,,https://www.topcashback.com.au/dymocks/
Dyson,Body and Hair; Electricals; Home Appliances; Credit Rating; Home and Garden; Health and Beauty,3.5% Cashback,,,https://www.topcashback.com.au/dyson/
Eamti Jewellery,Jewellery; Fashion,15% Cashback,,,https://www.topcashback.com.au/eamti-jewellery/
Early Settler,Furniture; Interior Decor; Home and Garden,1% Cashback,,,https://www.topcashback.com.au/early-settler/
East Coast Car Rentals,Car Hire,8% Cashback,,,https://www.topcashback.com.au/east-coast-car-rentals/
EASYFLOWERS,Gifts,15% Cashback,,,https://www.topcashback.com.au/easyflowers/
eBay,Credit Rating; Marketplace,3% Cashback,,,https://www.topcashback.com.au/ebay/
ECCO Shoes,Activewear; Footwear; Kidswear; Fashion,5% Cashback,,,https://www.topcashback.com.au/ecco/
ECCO Shoes (NZ),Footwear; Fashion,5% Cashback,,,https://www.topcashback.com.au/ecco-nz/
Eco Kids,Furniture; Home and Garden,5% Cashback,,,https://www.topcashback.com.au/eco-kids/
ECO Modern Essentials,Health and Beauty,10% Cashback,,,https://www.topcashback.com.au/eco-modern-essentials/
EcoFlow,Electricals,8% Cashback,,,https://www.topcashback.com.au/ecoflow/
Econnex,Energy,Up to $320 Cashback,Electricity + Gas + Broadband: $320; Electricity: $110; Gas: $120; Solar Installation: $200; Broadband: $90,yes,https://www.topcashback.com.au/econnex/
Ecoriginals Nappies,Kidswear; Health and Beauty,10% Cashback,,,https://www.topcashback.com.au/ecoriginals-nappies/
Ecosa,Furniture; Home and Garden,2% Cashback,,,https://www.topcashback.com.au/ecosa/
ECOVACS,Home Appliances; Home and Garden,5% Cashback,,,https://www.topcashback.com.au/ecovacs/
Edible Beauty Australia,Health and Beauty,15% Cashback,,,https://www.topcashback.com.au/edible-beauty-australia/
Edible Blooms,Alcohol; Food; Food and Drinks,13% Cashback,,,https://www.topcashback.com.au/edible-blooms/
Edisons,Home and Garden,5% Cashback,,,https://www.topcashback.com.au/edisons/
eDreams,Car Hire; Accommodation; Flights; Holidays,3% Cashback,,,https://www.topcashback.com.au/edreams/
Eiderdown,Interior Decor,5% Cashback,,,https://www.topcashback.com.au/eiderdown/
Eimele,Health and Beauty,Up to 8% Cashback,New Customers: 8%; Existing customers: 6%,,https://www.topcashback.com.au/eimele/
Elegant Showers,Furniture,10% Cashback,,,https://www.topcashback.com.au/elegant-showers/
ELEGOO,Electricals; Home and Garden,6% Cashback,,,https://www.topcashback.com.au/elegoo/
Element14,Electricals; Home and Garden,6% Cashback,,,https://www.topcashback.com.au/element14/
Elinz,Electricals,5% Cashback,,,https://www.topcashback.com.au/elinz/
Elite Supps,Health and Beauty,Up to 12% Cashback,New Customers: 12%; Existing Customers: 5%,,https://www.topcashback.com.au/elite-supps/
Elka Collective,Fashion,4% Cashback,,,https://www.topcashback.com.au/elka-collective/
Ella Baché,Body and Hair; Health and Beauty,8% Cashback,,,https://www.topcashback.com.au/ella-bache/
Elm Lifestyle,Fashion,Up to 4% Cashback,Online Purchase (without use of a coupon code): 4%; Online Purchase (with use of a coupon code): 3.2%,,https://www.topcashback.com.au/elm-lifestyle/
Emamaco,Activewear,7% Cashback,,,https://www.topcashback.com.au/emamaco/
Emirates,Flights,1.25% Cashback,,,https://www.topcashback.com.au/emirates/
Emma Sleep,Furniture; Home and Garden,6% Cashback,,,https://www.topcashback.com.au/emma-sleep/
Emrald Labs,Health and Beauty,Up to 8% Cashback,New Customers: 8%; Existing Customers: 5%,,https://www.topcashback.com.au/emrald-labs/
EMU Australia,Footwear; Fashion,Up to 10% Cashback,Full Price Items: 10%; Sale Items: 5%,,https://www.topcashback.com.au/emu-australia/
END Clothing,Accessories; Footwear; Fashion,Up to 10% Cashback,"Aesop, Samba, Malin & Goetz, Diptyque, Earl of East, Maison Margiela Replica, Comme Des, RetaW: 10%; Full Priced Items: 4%; Discounted Items: 3%; Promo Code Listed on TopCashback: 1%",,https://www.topcashback.com.au/end-clothing/
endota spa,Health and Beauty,Up to 7% Cashback,Online Purchase (excludes spa bookings & gift cards): 7%; Spa Bookings: 3%; Purchase of Gift Cards: 3%,,https://www.topcashback.com.au/endota-spa/
ENGLAON,Electricals; Home Appliances; Interior Decor; Laptops and Computers; Home and Garden,5% Cashback,,,https://www.topcashback.com.au/englaon/
ENNI,Accessories,Up to 10% Cashback,Online Purchase - Full Price Items: 10%; Online Purchase - Sale Items: 3%,,https://www.topcashback.com.au/enni/
Ergoflex,Furniture,4% Cashback,,,https://www.topcashback.com.au/ergoflex/
ergoPouch,Kidswear; Fashion,7% Cashback,,,https://www.topcashback.com.au/ergopouch/
Esmio,Health and Beauty,Up to 8% Cashback,New Customers: 8%; Existing Customers: 4%,,https://www.topcashback.com.au/esmio/
ESR Tech,Contracts and PAYG; Accessories; Fashion,15% Cashback,,yes,https://www.topcashback.com.au/esr/
Estee Lauder,Cosmetics; Fragrances; Health and Beauty,Up to 6% Cashback,New Customers: 6%; Existing Customers: 4.5%,,https://www.topcashback.com.au/estee-lauder/
Ethiopian Airlines,Flights,1.3% Cashback,,,https://www.topcashback.com.au/ethiopian-airlines/
Etsy,Diy; Garden; Gifts; Furniture; Interior Decor; Credit Rating; Home and Garden,2% Cashback,,,https://www.topcashback.com.au/etsy/
ettitude,Interior Decor,4% Cashback,,,https://www.topcashback.com.au/ettitude/
eufyMake,Electricals,Up to 6% Cashback,CA Printer and Printer Attachment: 4%; CA Ink & Materials: 6%,,https://www.topcashback.com.au/eufymake/
Europcar,Car Hire; Cars and Bikes,Up to 7% Cashback,"Pickup Location: Rest of World: 4%; Pickup Location: Australia, Belgium, France, Germany, Great Britain, Ireland, Italy, New Zealand, Portugal, Spain, USA: 7%; myEuropcar Subscription: 2%",,https://www.topcashback.com.au/europcar/
Eva Home,Furniture; Home and Garden,3% Cashback,,,https://www.topcashback.com.au/eva-home/
EVATAC,Activewear,10% Cashback,,,https://www.topcashback.com.au/evatac/
Evercleaner,Diy,15% Cashback,,,https://www.topcashback.com.au/evercleaner/
Everform,Activewear; Fitness; Health and Beauty,10% Cashback,,,https://www.topcashback.com.au/everform/
Everlast,Activewear,4% Cashback,,,https://www.topcashback.com.au/everlast/
Everyday Market from Woolworths,Electricals; Garden; Home Appliances; Interior Decor; Home and Garden,5% Cashback,,,https://www.topcashback.com.au/everyday-market-from-woolworths/
EveryPlate,Food; Food and Drinks,Up to 15% Cashback,New Customers: 15%; Past Customers: 5%,,https://www.topcashback.com.au/everyplate/
Everything New Zealand,Experiences; Holidays,4% Cashback,,,https://www.topcashback.com.au/everything-new-zealand/
Evrland,Fragrances; Health and Beauty,10% Cashback,,,https://www.topcashback.com.au/evrland/
EVT Stays,Accommodation,1.5% Cashback,,,https://www.topcashback.com.au/evt-stays/
Expedia,Car Hire; Accommodation; Holidays,Up to 8.5% Cashback,Hotels: 8.5%; Car Hire: 6%; Packages: 3%; Activities: 6%; Vacation Rentals: 2%,,https://www.topcashback.com.au/expedia/
Expedia (NZ),Car Hire; Accommodation; Holidays,Up to 5% Cashback,Hotels: 5%; Activities: 5%; Car Hire: 5%; Lodgings: 4%; Vacation Rentals: 2%; Packages: 1%; Flights: $2,,https://www.topcashback.com.au/expedia-nz/
Experience Oz,Experiences; Holidays,Up to 10% Cashback,Dreamworld Experiences: 10%; Vivid Sydney Experiences: 10%; All Other Experiences: 5%,,https://www.topcashback.com.au/experience-oz/
ExpressVPN,Credit Rating,100% Cashback,,,https://www.topcashback.com.au/expressvpn/
Eyewear Index,Accessories; Eyecare; Health and Beauty,2% Cashback,,,https://www.topcashback.com.au/eyewear-index/
EziBuy,Fashion,3% Cashback,,,https://www.topcashback.com.au/ezibuy/
Facial Co,Body and Hair; Cosmetics; Electricals; Home and Garden; Health and Beauty,8% Cashback,,,https://www.topcashback.com.au/facial-co/
Factorie,Activewear; Fashion,5% Cashback,,,https://www.topcashback.com.au/factorie/
Faithfull The Brand,Accessories,3% Cashback,,,https://www.topcashback.com.au/faithfull-the-brand/
Famous Nutrition,Health and Beauty,Up to 15% Cashback,New Customers: 15%; Existing Customers: 5%,,https://www.topcashback.com.au/famous-nutrition/
Fanatics,Activewear,6% Cashback,,,https://www.topcashback.com.au/fanatics/
Fantastic Furniture,Furniture; Home and Garden,7% Cashback,,yes,https://www.topcashback.com.au/fantastic-furniture/
FARFETCH,Kidswear; Fashion; Luxury,Up to 2.5% Cashback,New Customers: 2.5%; Existing Customers: 1%,,https://www.topcashback.com.au/farfetch/
Fast Cover Travel Insurance,Insurance; Landlord Insurance,17% Cashback,,,https://www.topcashback.com.au/fast-cover-travel-insurance/
FE Custom,Activewear,5% Cashback,,,https://www.topcashback.com.au/fe-custom/
Felix Mobile,Contracts and PAYG,Up to $5 Cashback,"Mobile Plans (25GB, 50GB, Unlimited): $5; Add Ons: $1",,https://www.topcashback.com.au/felix-mobile/
Femplay,Lingerie; Fashion,12% Cashback,,,https://www.topcashback.com.au/femplay/
Fever,Experiences,5% Cashback,,,https://www.topcashback.com.au/fever/
Fig & Bloom,Gifts,Up to 15% Cashback,New Customers: 15%; Existing Customers: 10%,,https://www.topcashback.com.au/fig-and-bloom/
Fila,Activewear; Accessories; Footwear; Kidswear; Fashion,8% Cashback,,,https://www.topcashback.com.au/fila/
Fit Nutrition,Health and Beauty,10% Cashback,,,https://www.topcashback.com.au/fit-nutrition/
Flashforge,Delivery Services,5% Cashback,,,https://www.topcashback.com.au/flashforge/
Fleur Collective,Fashion,10% Cashback,,,https://www.topcashback.com.au/fleur-collective/
Flight Centre,Accommodation; Experiences; Flights; Holidays,Up to 5% Cashback,Tours: 3.5%; Cruises: 4%; Car Hire: 5%; Accommodation: 3%; Holiday Packages: 3%; Gift Cards: 2%; Flights: 1%,,https://www.topcashback.com.au/flight-centre/
Flight Centre (NZ),Car Hire; Experiences; Flights; Holidays,Up to 5% Cashback,Holiday Packages: 3%; Flights: 1%; Car Hire: 5%,,https://www.topcashback.com.au/flight-centre-nz/
Flo & Frankie,Fashion,8% Cashback,,,https://www.topcashback.com.au/flo-and-frankie/
Floraly,Gifts,5% Cashback,,,https://www.topcashback.com.au/floraly/
Florsheim,Accessories; Footwear; Fashion,7% Cashback,,,https://www.topcashback.com.au/florsheim/
Flowers for Everyone,Garden; Home and Garden,8% Cashback,,,https://www.topcashback.com.au/flowers-for-everyone/
Foot Locker,Accessories; Cyclingtest; Fashion,6% Cashback,,,https://www.topcashback.com.au/foot-locker/
Footasylum,Activewear; Accessories; Footwear; Kidswear,Up to 4% Cashback,Online Purchase - Full Price Items: 4%; Online Purchase - Sale Items: 2%; Online Purchase with a voucher code: 2%,,https://www.topcashback.com.au/footasylum/
FORCAST,Footwear; Jewellery; Fashion,6% Cashback,,,https://www.topcashback.com.au/forcast/
Foreo,Body and Hair; Cosmetics; Health and Beauty,10% Cashback,,,https://www.topcashback.com.au/foreo/
Forest Super Foods,Food; Food and Drinks,Up to 6% Cashback,New Customers: 6%; Existing Customers: 3%,,https://www.topcashback.com.au/forest-super-foods/
Forever New,Accessories; Cyclingtest; Footwear; Fashion,Up to 6% Cashback,New Customers: 6%; Existing Customers: 3%,,https://www.topcashback.com.au/forever-new/
Fortunate One,Fashion,10% Cashback,,yes,https://www.topcashback.com.au/fortunate-one/
Foxwood Clothing,Fashion,Up to 4% Cashback,Online Purchase: 4%; Listed Coupon Use: 3.2%,,https://www.topcashback.com.au/foxwood-clothing/
frank body,Body and Hair; Health and Beauty,Up to 10% Cashback,New Customers: 10%; Existing Customers: 2%,,https://www.topcashback.com.au/frank-body/
frank green,Home and Garden,5% Cashback,,,https://www.topcashback.com.au/frank-green/
frank green (NZ),Accessories,5% Cashback,,,https://www.topcashback.com.au/frank-green-nz/
Frankbros,Home Appliances; Interior Decor; Home and Garden,7% Cashback,,,https://www.topcashback.com.au/frankbros/
Frankie and Co,Fashion,7% Cashback,,,https://www.topcashback.com.au/frankie-and-co/
Frankly My Dear,Jewellery; Fashion,10% Cashback,,,https://www.topcashback.com.au/frankly-my-dear/
Freddy Store,Fashion,5% Cashback,,,https://www.topcashback.com.au/freddy-store/
Freedom Furniture,Furniture; Home and Garden,Up to 5% Cashback,New Customers: 5%; Existing Customers: 3.5%; Sale & Discounted Items: 3%; Dropship Items: 2.5%; Online Exclusive Items: 2.5%,,https://www.topcashback.com.au/freedom-furniture/
Freelance Shoes,Footwear; Fashion,8% Cashback,,,https://www.topcashback.com.au/freelance-shoes/
Freely Travel Insurance,Insurance; Landlord Insurance,8% Cashback,,,https://www.topcashback.com.au/freely-travel-insurance/
freezeframe,Body and Hair; Health and Beauty,10% Cashback,,,https://www.topcashback.com.au/freezeframe/
Fresh Beauty Co.,Body and Hair; Cosmetics; Health and Beauty,Up to 7.5% Cashback,New Customers: 7.5%; Existing Customers: 5%,,https://www.topcashback.com.au/fresh-beauty-co/
Fruugo,Diy; Accessories; Electricals; Garden; Furniture; Footwear; Home Appliances; Jewellery; Interior Decor; Kidswear; Home and Garden; Fashion,12% Cashback,,,https://www.topcashback.com.au/fruugo/
G-Star RAW,Accessories; Footwear; Fashion,Up to 12% Cashback,New Customers (full price items): 12%; New Customers (sale items): 6%; Existing Customers (full price items): 8%; Existing Customers (sale items): 1.5%,,https://www.topcashback.com.au/g-star-raw/
Gandys,Activewear; Accessories; Fashion,5% Cashback,,,https://www.topcashback.com.au/gandys/
GAP,Kidswear; Fashion,4% Cashback,,,https://www.topcashback.com.au/gap/
Garden of Vegan,Food; Food and Drinks,Up to 6% Cashback,Online Purchase: 6%; Listed Coupon Used: 3%,,https://www.topcashback.com.au/garden-of-vegan/
Garden of Wellness,Health and Beauty,10% Cashback,,,https://www.topcashback.com.au/garden-of-wellness/
GAZMAN,Footwear; Fashion,Up to 7% Cashback,New Customers: 7%; Existing Customers: 3%,,https://www.topcashback.com.au/gazman/
Gear Force,Cars and Bikes; Electricals; Home and Garden,10% Cashback,,,https://www.topcashback.com.au/gear-force/
Geekbuying,Electricals,2% Cashback,,,https://www.topcashback.com.au/geekbuying/
Geeks Outfit,Fashion,Up to 16% Cashback,Online Purchase (new customers only): 12%; Listed Coupon Use (new customers only): 16%,,https://www.topcashback.com.au/geeks-outfit/
Geeta Hair,Body and Hair; Health and Beauty,10% Cashback,,,https://www.topcashback.com.au/geeta-hair/
Get Wines Direct,Alcohol; Food and Drinks,Up to 12% Cashback,New Customers: 12%; Existing Customers: 8%,,https://www.topcashback.com.au/get-wines-direct/
GetYourGuide,Experiences,7% Cashback,,,https://www.topcashback.com.au/getyourguide/
ghd,Body and Hair; Electricals; Home and Garden; Health and Beauty,4% Cashback,,,https://www.topcashback.com.au/ghd/
Gift Card Store,Gifts,0.5% Cashback,,,https://www.topcashback.com.au/gift-card-store/
GiftBox,Accessories; Electricals; Gifts; Furniture; Home and Garden; Fashion,10% Cashback,,,https://www.topcashback.com.au/giftbox/
Giftz,Gifts; Credit Rating,Up to 5% Cashback,Activ Visa; Category Choice: 1.5%; Amazon; Uber; Uber Eats; The Good Guys; Ultimate Range; Harris Farm; JB Hi-Fi; 7-Eleven; Shell: 3%; Other Gift Cards (see terms below for exclusions): 5%,,https://www.topcashback.com.au/giftz/
Ginger&Me,Body and Hair; Cosmetics; Eyecare; Fragrances; Health and Beauty,10% Cashback,,,https://www.topcashback.com.au/ginger-and-me/
Giorgio Armani Beauty,Fragrances; Health and Beauty,18% Cashback,,yes,https://www.topcashback.com.au/giorgio-armani-beauty/
Giuseppe Zanotti,Accessories; Footwear; Fashion; Luxury,6% Cashback,,,https://www.topcashback.com.au/giuseppe-zanotti/
GlamCorner,Luxury,5% Cashback,,,https://www.topcashback.com.au/glamcorner/
Glasshouse Fragrances,Fragrances; Interior Decor; Home and Garden; Health and Beauty,8% Cashback,,,https://www.topcashback.com.au/glasshouse-fragrances/
Glasshouse Fragrances (NZ),Interior Decor,8% Cashback,,,https://www.topcashback.com.au/glasshouse-fragrances-nz/
Glassons,Fashion,Up to 4% Cashback,New Customer: 4%; Existing Customer: 2.5%,,https://www.topcashback.com.au/glassons/
Global Shop Direct,Electricals; Kidswear; Home and Garden; Fashion; Marketplace; Health and Beauty,7% Cashback,,,https://www.topcashback.com.au/global-shop-direct/
Glow Collection,Gifts,8% Cashback,,,https://www.topcashback.com.au/glow-collection/
GOELIA,Fashion,8% Cashback,,,https://www.topcashback.com.au/goelia/
Good Buyz,Home Appliances; Home and Garden,10% Cashback,,,https://www.topcashback.com.au/good-buyz/
gorman,Kidswear; Home and Garden; Fashion,7% Cashback,,,https://www.topcashback.com.au/gorman/
Gourmet Basket,Gifts,Up to 8% Cashback,New Gourmet Basket Customer: 8%; Existing Gourmet Basket Customer: 5%,,https://www.topcashback.com.au/gourmet-basket/
Graham & Brown,Interior Decor,Up to 6% Cashback,Online Purchase: 6%; Online Purchase with a voucher code: 3%,,https://www.topcashback.com.au/graham-and-brown/
Gravastar,Electricals,5% Cashback,,,https://www.topcashback.com.au/gravastar/
Green Gadgets,Contracts and PAYG,Up to 5% Cashback,New Customers: 5%; Existing Customers: 3%,,https://www.topcashback.com.au/green-gadgets/
Groupon,Credit Rating; Marketplace,Up to 10% Cashback,Goods (new customers): 3%; Goods (existing customers): 1%; Local & Travel (new customers): 10%; Local & Travel (existing customers): 2%,yes,https://www.topcashback.com.au/groupon/
Grown Alchemist,Body and Hair; Health and Beauty,10% Cashback,,,https://www.topcashback.com.au/grown-alchemist/
GUESS,Fashion,Up to 8% Cashback,Online Purchase (spend $250.01 or more): 8%; Online Purchase (spend $150.01 to $250): 7%; Online Purchase (spend $150 or less): 6%,,https://www.topcashback.com.au/guess/
Gymshark,Activewear; Fashion,Up to 8% Cashback,New Customers: 8%; Existing Customers: 5%; Listed Code Use: 2%,,https://www.topcashback.com.au/gymshark/
H&M,Fashion,Up to 6% Cashback,New Customers: 6%; Existing Customers: 3%,,https://www.topcashback.com.au/h-and-m/
Hairhouse,Body and Hair; Health and Beauty,Up to 5% Cashback,New Customers: 5%; Existing Customers: 3%,,https://www.topcashback.com.au/hairhouse/
Hairydog,Alcohol; Food and Drinks,6% Cashback,,,https://www.topcashback.com.au/hairydog/
Halara,Activewear; Cyclingtest; Fashion,5% Cashback,,,https://www.topcashback.com.au/halara/
Hallenstein Brothers,Accessories; Fashion,6% Cashback,,,https://www.topcashback.com.au/hallenstein-brothers/
Hamilton Island Holiday Homes,Holidays,3% Cashback,,,https://www.topcashback.com.au/hamilton-island-holiday-homes/
Hamilton Watches,Accessories; Fashion,Up to 5% Cashback,New Customers: 5%; Existing Customers: 3%,,https://www.topcashback.com.au/hamilton-watches/
Hammock Bliss,Diy; Furniture; Interior Decor,12% Cashback,,,https://www.topcashback.com.au/hammock-bliss/
Happy Healthy You,Body and Hair; Health and Beauty,Up to 10% Cashback,New Customers: 10%; Existing Customers: 3%,,https://www.topcashback.com.au/happy-healthy-you/
Happy Mammoth,Health and Beauty,1% Cashback,,,https://www.topcashback.com.au/happy-mammoth/
Happyology,Kidswear; Fashion,1% Cashback,,,https://www.topcashback.com.au/happyology/
Hard Yakka,Fashion,9% Cashback,,,https://www.topcashback.com.au/hard-yakka/
Harfington,Accessories,7% Cashback,,,https://www.topcashback.com.au/harfington/
Harris Scarfe,Home and Garden; Fashion,5% Cashback,,yes,https://www.topcashback.com.au/harris-scarfe/
Harrods,Food and Drinks; Fashion,Up to 5% Cashback,"Beauty: 3%; Home: 3%; Jewellery & Watches: 1%; All Other Purchases (exclusions apply, see terms): 5%",,https://www.topcashback.com.au/harrods/
Harvey Nichols (NZ),Accessories; Fashion,Up to 6% Cashback,Fashion & Accessories: 6%; Food & Wine: 6%; Beauty: 4%; Marketplace Brands: 2%; Sale Items: 2%; Purchases using an approved voucher code: 2%,,https://www.topcashback.com.au/harvey-nichols/
Havaianas,Footwear; Fashion,8% Cashback,,,https://www.topcashback.com.au/havaianas/
Hawes & Curtis,Gifts; Fashion,Up to 6% Cashback,New Customers: 6%; Existing Customers: 5%; Listed Code Use: 2%,,https://www.topcashback.com.au/hawes-and-curtis/
Health Supplements,Health and Beauty,6% Cashback,,yes,https://www.topcashback.com.au/health-supplements/
HealthPost,Food and Drinks; Gifts; Health and Beauty,5% Cashback,,,https://www.topcashback.com.au/healthpost/
Healthylife,Health and Beauty,Up to 12% Cashback,New Customers: 12%; Existing Customers: 5%,yes,https://www.topcashback.com.au/healthylife/
Hello Molly,Footwear; Jewellery; Fashion,7% Cashback,,,https://www.topcashback.com.au/hello-molly/
HelloDrinks,Alcohol; Food and Drinks,Up to 7% Cashback,New Customer - Beer: 2%; New Customer - Champagne or Spirits: 5%; New Custotmer - Wine: 7%; Exisiting Customer - Beer: 1%; Existing Customer - Champagne: 2%; Existing Customer - Spirits: 3%; Existing Customer - Wine: 5%,,https://www.topcashback.com.au/hellodrinks/
HelloFresh,Food; Food and Drinks,Up to 30% Cashback,New Customers: 30%; Existing or Past Customers: 15%,,https://www.topcashback.com.au/hellofresh/
HelloFresh (NZ),Food; Food and Drinks,Up to $19 Cashback,New Customers: $19; Existing Customers: $9.50,,https://www.topcashback.com.au/hellofresh-nz/
Helloskin,Health and Beauty,5% Cashback,,,https://www.topcashback.com.au/helloskin/
Helly Hansen,Fashion,10% Cashback,,,https://www.topcashback.com.au/helly-hansen/
Hema Maps,Books Magazines; Electricals,10% Cashback,,,https://www.topcashback.com.au/hema-maps/
Herbal Ignite,Health and Beauty,7% Cashback,,,https://www.topcashback.com.au/herbal-ignite/
Herring Shoes,Footwear,Up to 6% Cashback,Online Purchase - New Customer: 6%; Online Purchase - Existing Customer: 4%,,https://www.topcashback.com.au/herring-shoes/
Herschel,Accessories; Kidswear,Up to 8% Cashback,Sale Items up to 70% off (higher discounts ineligible): 4%; Full Price Items: 8%,,https://www.topcashback.com.au/herschel/
Hertz,Car Hire,5% Cashback,,,https://www.topcashback.com.au/hertz/
Hexclad,Food; Food and Drinks; Home and Garden,4% Cashback,,,https://www.topcashback.com.au/hexclad/
High Sierra,Activewear,5% Cashback,,,https://www.topcashback.com.au/high-sierra/
Hilo,Health and Beauty,10% Cashback,,,https://www.topcashback.com.au/hilo/
HiSmile,Cosmetics; Health and Beauty,Up to 18% Cashback,Online Purchase: 15%; HiSmile Toothpaste: 17%; HiSmile Electric Toothbrush: 18%,,https://www.topcashback.com.au/hismile/
HMH Hospitality,Accommodation,5% Cashback,,,https://www.topcashback.com.au/hmh-hospitality/
HOKA,Activewear; Footwear; Fashion,Up to 3% Cashback,Full Price items: 3%; Sale Items up to 70% off (higher discounts ineligible): 1%,,https://www.topcashback.com.au/hoka/
Homestyler,Diy; Garden; Furniture; Interior Decor,Up to 30% Cashback,"Purchase with Yearly Membership (Pro, Master, Styler): 30%; All Other Online Purchases: 20%",,https://www.topcashback.com.au/homestyler/
HopeGOO,Accommodation; Flights,Up to 5% Cashback,Hotels: 5%; Flights: 1%; Other Purchases: 1%,,https://www.topcashback.com.au/hopegoo/
Hoselink,Home and Garden,5% Cashback,,,https://www.topcashback.com.au/hoselink/
Host & Stay,Accommodation,9% Cashback,,,https://www.topcashback.com.au/host-and-stay/
Hostelworld,Accommodation,25% Cashback,,,https://www.topcashback.com.au/hostelworld/
Hostinger,Electricals; Home and Garden,40% Cashback,,,https://www.topcashback.com.au/hostinger/
Hotels.com,Accommodation,7.5% Cashback,,yes,https://www.topcashback.com.au/hotels/
Hotels.com (NZ),Accommodation,3% Cashback,,,https://www.topcashback.com.au/hotels-nz/
HOTO Tools,Home Appliances; Home and Garden; Marketplace,10% Cashback,,,https://www.topcashback.com.au/hoto-tools/
House,Electricals; Food and Drinks; Home Appliances; Home and Garden,4% Cashback,,,https://www.topcashback.com.au/house-cooking/
House of Sleep,Furniture,8% Cashback,,,https://www.topcashback.com.au/house-of-sleep/
HP,Electricals; Laptops and Computers; Home and Garden,9% Cashback,,yes,https://www.topcashback.com.au/hp/
HTVRONT,Diy,10% Cashback,,,https://www.topcashback.com.au/htvront/
Huda Beauty,Cosmetics; Health and Beauty,5% Cashback,,,https://www.topcashback.com.au/huda-beauty/
HUGO BOSS,Fashion,8% Cashback,,,https://www.topcashback.com.au/hugo-boss/
Hush Puppies,Footwear; Fashion,4% Cashback,,,https://www.topcashback.com.au/hush-puppies/
Hype DC,Footwear; Fashion,Up to 3% Cashback,Full Priced Items: 3%; Sale Items: 2%,,https://www.topcashback.com.au/hype-dc/
I Love Linen,Furniture; Interior Decor; Home and Garden,Up to 5.5% Cashback,New Customers: 5.5%; Existing Customers: 4.5%,,https://www.topcashback.com.au/i-love-linen/
Ideal of Sweden,Accessories,6% Cashback,,,https://www.topcashback.com.au/ideal-of-sweden/
iFLY,Experiences,5% Cashback,,,https://www.topcashback.com.au/ifly/
iFLYTEK,Electricals,5% Cashback,,,https://www.topcashback.com.au/iflytek/
iHerb,Body and Hair; Fragrances; Food and Drinks; Credit Rating; Health and Beauty,3% Cashback,,,https://www.topcashback.com.au/iherb/
IHG Hotels & Resorts,Accommodation; Holidays,3% Cashback,,,https://www.topcashback.com.au/ihg-hotels-and-resorts/
IKU,Food; Food and Drinks,5% Cashback,,,https://www.topcashback.com.au/iku/
IMBIBE,Cosmetics; Eyecare; Health and Beauty,8% Cashback,,,https://www.topcashback.com.au/imbibe/
In Essence,Body and Hair; Health and Beauty,10% Cashback,,,https://www.topcashback.com.au/in-essence/
INGLOT Cosmetics,Body and Hair; Cosmetics; Health and Beauty,10% Cashback,,,https://www.topcashback.com.au/inglot-cosmetics/
INIKA Organic,Body and Hair; Cosmetics; Gifts; Health and Beauty,8% Cashback,,,https://www.topcashback.com.au/inika-organic/
Ink Station,Electricals; Laptops and Computers; Home and Garden,1% Cashback,,,https://www.topcashback.com.au/ink-station/
Innovations,Diy; Electricals; Garden; Furniture; Home Appliances; Interior Decor,Up to 8% Cashback,New Customers: 8%; Existing Customers: 5%,,https://www.topcashback.com.au/innovations/
INNOVV,Cars and Bikes,8% Cashback,,,https://www.topcashback.com.au/innovv/
Innoxa,Body and Hair; Health and Beauty,10% Cashback,,,https://www.topcashback.com.au/innoxa/
Insolita,Gifts,10% Cashback,,,https://www.topcashback.com.au/insolita/
Inspiring Vacations,Experiences; Holidays,1.5% Cashback,,,https://www.topcashback.com.au/inspiring-vacations/
Insta360,Electricals; Home and Garden,Up to 4.5% Cashback,Cameras: 4.5%; Webcams: 4.5%; Hand Stabilisers: 4.5%; Accessories: 2%; Virtual Services: 1%,,https://www.topcashback.com.au/insta360/
InsureandGo Travel Insurance,Insurance; Landlord Insurance,8% Cashback,,,https://www.topcashback.com.au/insureandgo-travel-insurance/
Interflora,Gifts,5.6% Cashback,,,https://www.topcashback.com.au/interflora/
Interior Secrets,Furniture; Interior Decor; Home and Garden,7.5% Cashback,,,https://www.topcashback.com.au/interior-secrets/
INTERSPORT,Activewear,5% Cashback,,,https://www.topcashback.com.au/intersport/
Invity Skincare,Body and Hair; Cosmetics; Eyecare; Fragrances; Health and Beauty,10% Cashback,,,https://www.topcashback.com.au/invity-skincare/
Ipanema,Footwear; Fashion,8% Cashback,,,https://www.topcashback.com.au/ipanema/
Isabel Marant,Accessories; Footwear; Jewellery,8% Cashback,,,https://www.topcashback.com.au/isabel-marant/
ISAWITFIRST,Accessories; Footwear,Up to 3% Cashback,Online Purchase - Full Price Items: 3%; Online Purchase - Sale Items: 1%,,https://www.topcashback.com.au/isawitfirst/
isubscribe,Books Magazines; Gifts,7.5% Cashback,,,https://www.topcashback.com.au/isubscribe/
IVRose,Activewear; Accessories; Footwear; Fashion,10% Cashback,,,https://www.topcashback.com.au/ivrose/
Jack London,Fashion,10% Cashback,,,https://www.topcashback.com.au/jack-london/
Jaded London,Fashion,3% Cashback,,,https://www.topcashback.com.au/jaded-london/
JAG,Gifts; Fashion,5% Cashback,,,https://www.topcashback.com.au/jag/
James Lane,Home Appliances; Home and Garden,4% Cashback,,,https://www.topcashback.com.au/james-lane/
JBL,Delivery Services,5% Cashback,,,https://www.topcashback.com.au/jbl/
JD Sports,Activewear; Accessories; Cyclingtest; Footwear; Kidswear; Fashion,4% Cashback,,,https://www.topcashback.com.au/jd-sports/
Jeanswest,Accessories; Fashion,5% Cashback,,,https://www.topcashback.com.au/jeanswest/
JewelHalo,Jewellery; Fashion,10% Cashback,,,https://www.topcashback.com.au/jewelhalo/
Jo Malone,Body and Hair; Gifts; Health and Beauty,Up to 6% Cashback,New Customers: 6%; Existing Customers: 4%,,https://www.topcashback.com.au/jo-malone/
Jo Mercer,Footwear; Fashion; Luxury,6% Cashback,,,https://www.topcashback.com.au/jo-mercer/
Johnny Bigg,Accessories; Footwear; Fashion,Up to 5% Cashback,Full Price Items: 5%; Sale Items: 2%,,https://www.topcashback.com.au/johnny-bigg/
Johnstons of Elgin,Kidswear,1% Cashback,,,https://www.topcashback.com.au/johnstons-of-elgin/
Joom,Marketplace,4% Cashback,,,https://www.topcashback.com.au/joom/
Joseph Joseph,Furniture; Interior Decor,3% Cashback,,,https://www.topcashback.com.au/joseph-joseph/
JSHealth,Health and Beauty,3% Cashback,,,https://www.topcashback.com.au/jshealth/
JUCY,Car Hire; Cars and Bikes; Experiences,5% Cashback,,,https://www.topcashback.com.au/jucy/
Julius Marlow,Footwear; Fashion,4% Cashback,,,https://www.topcashback.com.au/julius-marlow/
Jurlique,Health and Beauty,5% Cashback,,,https://www.topcashback.com.au/jurlique/
Just Wines,Alcohol; Food and Drinks,6% Cashback,,,https://www.topcashback.com.au/just-wines/
JW Computers,Electricals; Laptops and Computers; Home and Garden,Up to 4% Cashback,"Purchases under $50: 4%; Purchases $50.01 to $1000 (excludes Apple, AMD, Intel, CPUs): 1%; Purchases over $1000: 0.5%; Apple, AMD, Intel, CPUs: 0.5%",,https://www.topcashback.com.au/jw-computers/
Kabana Shop,Accessories,12% Cashback,,,https://www.topcashback.com.au/kabana-shop/
Kailas Gear,Fashion,8% Cashback,,,https://www.topcashback.com.au/kailas-gear/
Kakadu Plum Co,Food; Food and Drinks,10% Cashback,,,https://www.topcashback.com.au/kakadu-plum-co/
Kakadu Traders,Fashion,10% Cashback,,,https://www.topcashback.com.au/kakadu-traders/
Karen Millen,Fashion,Up to 4% Cashback,Online Purchase - New Customer: 4%; Online Purchase - Existing Customer: 2%,,https://www.topcashback.com.au/karen-millen/
Kaspersky,Delivery Services,30% Cashback,,,https://www.topcashback.com.au/kaspersky/
Kat the Label,Lingerie; Fashion,Up to 5% Cashback,New Customers: 5%; Existing Customers: 2%,,https://www.topcashback.com.au/kat-the-label/
Kate Spade,Accessories; Gifts; Footwear; Jewellery; Fashion,Up to 6% Cashback,Full Priced Items: 6%; Sale Items: 4%,,https://www.topcashback.com.au/kate-spade/
Kathmandu,Accessories; Cyclingtest; Fashion,2% Cashback,,,https://www.topcashback.com.au/kathmandu/
Keeper Security,Apps and Services,10% Cashback,,,https://www.topcashback.com.au/keeper-security/
Kenwood Kitchen Appliances,Home Appliances; Home and Garden,10% Cashback,,,https://www.topcashback.com.au/kenwood-kitchen-appliances/
Kerastase,Body and Hair; Health and Beauty,15% Cashback,,yes,https://www.topcashback.com.au/kerastase/
Kick Push,Activewear,5% Cashback,,,https://www.topcashback.com.au/kick-push/
Kicks Crew,Activewear; Footwear,4% Cashback,,,https://www.topcashback.com.au/kicks-crew/
Kiehl's,Body and Hair; Health and Beauty,20% Cashback,,yes,https://www.topcashback.com.au/kiehls/
Kiierr Laser Caps,Body and Hair; Health and Beauty,10% Cashback,,,https://www.topcashback.com.au/kiierr-laser-caps/
Kiki McDonough,Jewellery,Up to 6% Cashback,New Customers: 6%; Existing Customers: 3%,,https://www.topcashback.com.au/kiki-mcdonough/
Kinnon,Accessories,10% Cashback,,,https://www.topcashback.com.au/kinnon/
Kitbag,Activewear,5% Cashback,,,https://www.topcashback.com.au/kitbag/
Kitchen Warehouse,Home Appliances; Home and Garden,2.5% Cashback,,,https://www.topcashback.com.au/kitchen-warehouse/
KitchenAid,Home Appliances; Home and Garden,10% Cashback,,yes,https://www.topcashback.com.au/kitchenaid/
Kivari,Fashion,Up to 4% Cashback,New Customers: 4%; Existing Customers: 1%; Listed Code Use: 2%,,https://www.topcashback.com.au/kivari/
Kiwi.com,Car Hire; Flights,2.8% Cashback,,,https://www.topcashback.com.au/kiwi/
Kleva Range,Diy; Electricals; Garden; Furniture; Home Appliances; Interior Decor,Up to 5% Cashback,New Customers: 5%; Existing Customers: 3%,,https://www.topcashback.com.au/kleva-range/
Klook,Accommodation; Experiences; Holidays,Up to 15% Cashback,Hotels; Attractions & Shows; Car Rentals; Experiences; Insurance; Tours & Sightseeing: 15%; Bus & Rail Tickets; Transport; Pocket WiFi; eSIMs: 2%; Select Activities & Special Activities (see terms): 2%,yes,https://www.topcashback.com.au/klook/
Koala,Furniture; Home and Garden,Up to 10% Cashback,Sofa Beds: 10%; All Others: 4%,yes,https://www.topcashback.com.au/koala/
Koala Eco,Body and Hair; Home and Garden; Health and Beauty,10% Cashback,,,https://www.topcashback.com.au/koala-eco/
Koh,Home and Garden,Up to 7% Cashback,Online Purchase - New Customer: 7%; Online Purchase - Existing Customer: 2%,,https://www.topcashback.com.au/koh/
KOO,Interior Decor; Home and Garden,5% Cashback,,,https://www.topcashback.com.au/koohomestore/
Kora Organics,Body and Hair; Cosmetics; Health and Beauty,Up to 10% Cashback,Online Purchase - New Customer: 10%; Online Purchase - Existing Customer: 7%,,https://www.topcashback.com.au/kora-organics/
Kospet Smartwatch,Electricals; Home and Garden,6% Cashback,,,https://www.topcashback.com.au/kospet-smartwatch/
Kowtow,Fashion,2% Cashback,,,https://www.topcashback.com.au/kowtow/
KURK,Health and Beauty,10% Cashback,,,https://www.topcashback.com.au/kurk/
L'Occitane,Body and Hair; Cosmetics; Eyecare; Fragrances; Health and Beauty,3% Cashback,,,https://www.topcashback.com.au/loccitane/
L/R thelabel,Fashion,10% Cashback,,,https://www.topcashback.com.au/l-r-thelabel/
l1vin,Health and Beauty,7% Cashback,,,https://www.topcashback.com.au/l1vin/
La Mer,Cosmetics; Health and Beauty,Up to 6% Cashback,New Customers: 6%; Existing Customers: 4%,,https://www.topcashback.com.au/la-mer/
La Roche-Posay,Health and Beauty,7.7% Cashback,,,https://www.topcashback.com.au/la-roche-posay/
Lady Juice,Fashion,2% Cashback,,,https://www.topcashback.com.au/lady-juice/
Laithwaites Wine,Alcohol; Food and Drinks,Up to 15% Cashback,New Customers: 15%; Existing Customers: 9%; Select SKUs (see terms): 1%,yes,https://www.topcashback.com.au/laithwaites/
Lana Banana,Body and Hair; Health and Beauty,15% Cashback,,,https://www.topcashback.com.au/lana-banana/
Lancome,Body and Hair; Cosmetics; Eyecare; Fragrances; Health and Beauty,20% Cashback,,yes,https://www.topcashback.com.au/lancome/
Langham Hotel Gold Coast,Accommodation,4% Cashback,,,https://www.topcashback.com.au/langham-hotel-gold-coast/
Langham Hotel Melbourne,Accommodation,4% Cashback,,,https://www.topcashback.com.au/langham-hotel-melbourne/
Langham Hotel Sydney,Accommodation,4% Cashback,,,https://www.topcashback.com.au/langham-hotel-sydney/
Lanolips,Body and Hair; Health and Beauty,10% Cashback,,,https://www.topcashback.com.au/lanolips/
Lapoche,Accessories,10% Cashback,,,https://www.topcashback.com.au/lapoche/
LatestBuy,Gifts; Marketplace; Health and Beauty,7% Cashback,,,https://www.topcashback.com.au/latestbuy/
Lazy Maisons,Delivery Services; Furniture; Home and Garden,5% Cashback,,,https://www.topcashback.com.au/lazy-maisons/
Lazy Tiles,Home and Garden,5% Cashback,,,https://www.topcashback.com.au/lazy-tiles/
Le Creuset,Home and Garden,5% Cashback,,,https://www.topcashback.com.au/le-creuset/
Le Specs,Accessories; Fashion,5% Cashback,,,https://www.topcashback.com.au/le-specs/
LeCavist,Furniture,8% Cashback,,,https://www.topcashback.com.au/lecavist/
LEGO Online Store,Credit Rating,3% Cashback,,,https://www.topcashback.com.au/lego/
LEGOLAND Discovery Centre Melbourne,Experiences,2% Cashback,,,https://www.topcashback.com.au/legoland-discovery-centre-melbourne/
Lekker Bikes,Cars and Bikes,Up to 5% Cashback,eBikes: 5%; Classic Bikes: 4%; Accessories & Batteries: 1%,,https://www.topcashback.com.au/lekker-bikes/
Lenovo,Electricals; Laptops and Computers; Home and Garden,4.5% Cashback,,,https://www.topcashback.com.au/lenovo/
Lenovo (NZ),Electricals; Laptops and Computers,4.5% Cashback,,,https://www.topcashback.com.au/lenovo-nz/
Leon Cycle,Cars and Bikes; Electricals,5% Cashback,,,https://www.topcashback.com.au/leon-cycle/
Levi's,Accessories; Kidswear; Fashion,4% Cashback,,,https://www.topcashback.com.au/levis/
LG,Electricals; Home Appliances; Laptops and Computers; Home and Garden,3% Cashback,,,https://www.topcashback.com.au/lg/
Life Wellness Healthcare,Health and Beauty,12% Cashback,,,https://www.topcashback.com.au/life-wellness-healthcare/
LIFORME,Health and Beauty,5% Cashback,,,https://www.topcashback.com.au/liforme/
Lilac and Mila,Fashion,6% Cashback,,,https://www.topcashback.com.au/lilac-and-mila/
Lilysilk,Fashion,8% Cashback,,,https://www.topcashback.com.au/lilysilk/
Linen House,Furniture; Interior Decor; Home and Garden,5% Cashback,,,https://www.topcashback.com.au/linen-house/
Linenly,Interior Decor,10% Cashback,,,https://www.topcashback.com.au/linenly/
Liquor Loot,Alcohol; Food and Drinks,6% Cashback,,,https://www.topcashback.com.au/liquor-loot/
Liquorland,Alcohol; Food and Drinks,Up to 8% Cashback,Online Orders over $200: 8%; Online Orders from $120 to $200: 5%; Online Orders under $120: 1%,yes,https://www.topcashback.com.au/liquorland/
Little Urchin,Health and Beauty,5% Cashback,,,https://www.topcashback.com.au/little-urchin/
Living By Design,Home and Garden,6% Cashback,,,https://www.topcashback.com.au/living-by-design/
Liz Jordan,Body and Hair; Cosmetics; Electricals; Furniture; Home and Garden; Fashion; Health and Beauty,Up to 5% Cashback,Online Purchase - All Other Items: 2%; Online Purchase - Liz Jordan Brand Items: 5%,,https://www.topcashback.com.au/liz-jordan/
LN-CC,Books Magazines; Footwear; Interior Decor; Home and Garden; Fashion,5% Cashback,,,https://www.topcashback.com.au/ln-cc/
Loop Earplugs,Activewear; Home and Garden,4% Cashback,,,https://www.topcashback.com.au/loop-earplugs/
LORAGAL,Footwear; Luxury,8% Cashback,,,https://www.topcashback.com.au/loragal/
Lorna Jane,Activewear; Cyclingtest; Fashion,Up to 10% Cashback,Full Price Items (new customers): 10%; Full Price Items (existing customers): 8%; Sale Items (all customers): 3%,,https://www.topcashback.com.au/lorna-jane/
Lorraine Lea,Interior Decor,5% Cashback,,,https://www.topcashback.com.au/lorraine-lea/
Lounge Lovers,Furniture; Interior Decor; Home and Garden,3% Cashback,,,https://www.topcashback.com.au/lounge-lovers/
Love to Dream,Accessories; Fashion,5% Cashback,,,https://www.topcashback.com.au/love-to-dream/
Lovehoney,Lingerie; Fashion,Up to 15% Cashback,"Coupon Code Use (excludes 25OFFALL, podcast15, and codes starting with BB): 11%; Online Purchase: 15%",,https://www.topcashback.com.au/lovehoney/
Lovisa,Accessories; Jewellery; Fashion,3% Cashback,,,https://www.topcashback.com.au/lovisa/
Lowes Menswear,Fashion,3% Cashback,,,https://www.topcashback.com.au/lowes-menswear/
LSKD,Activewear; Kidswear; Fashion,Up to 10% Cashback,New Customers (full price items): 10%; New Customers (sale items): 4%; Existing Customers (full price items): 3%; Existing Customers (sale items): 1%,,https://www.topcashback.com.au/lskd/
Lumin,Cosmetics; Health and Beauty,Up to $4.20 Cashback,Other Online Purchase: 8%; Free Trail: $4.20,,https://www.topcashback.com.au/lumin/
Luv Lou,Eyecare; Health and Beauty,3% Cashback,,,https://www.topcashback.com.au/luv-lou/
Luvme Hair,Body and Hair; Health and Beauty,5% Cashback,,,https://www.topcashback.com.au/luvme-hair/
Luxury Escapes,Accommodation; Experiences; Flights,Up to 8% Cashback,Tours (new customers): 8%; Tours (existing customers): 2%; Cruises (new customers): 4%; Cruises (existing customers): 1%; Experiences (new customers): 4%; Experiences (existing customers): 1%; Hotels (new customers): 4%; Hotels (existing customers): 1%; Insurance Items (new customers): 4%; Insurance Items (existing customers): 1%; Car Hire (new customers): 2%; Car Hire (existing customers): 1%,,https://www.topcashback.com.au/luxury-escapes/
LVLY,Gifts,8% Cashback,,,https://www.topcashback.com.au/lvly/
Lyca Mobile,Contracts and PAYG,$10 Cashback,,,https://www.topcashback.com.au/lyca-mobile/
LyLo,Accommodation,2% Cashback,,yes,https://www.topcashback.com.au/lylo/
Lyre's,Alcohol; Food and Drinks,10% Cashback,,,https://www.topcashback.com.au/lyres/
M.J. Bale,Fashion,7% Cashback,,yes,https://www.topcashback.com.au/mj-bale/
MAC Cosmetics,Cosmetics; Health and Beauty,Up to 5% Cashback,New Customers: 5%; Existing Customers: 3.5%,,https://www.topcashback.com.au/mac-cosmetics/
Macoda,Furniture; Interior Decor,5% Cashback,,,https://www.topcashback.com.au/macoda/
Macy's,Fashion,3% Cashback,,,https://www.topcashback.com.au/macys/
Madame Tussauds Sydney,Experiences,2% Cashback,,,https://www.topcashback.com.au/madame-tussauds-sydney/
Magcomsen,Activewear,15% Cashback,,,https://www.topcashback.com.au/magcomsen/
Magshop,Home and Garden,Up to 8% Cashback,Online Purchase: 8%; Listed Coupon Use: 5%,,https://www.topcashback.com.au/magshop/
Make Up Studio,Cosmetics; Health and Beauty,10% Cashback,,,https://www.topcashback.com.au/make-up-studio/
Malaysia Airlines,Flights,1.2% Cashback,,,https://www.topcashback.com.au/malaysia-airlines/
Mammotion,Garden; Home and Garden,6% Cashback,,,https://www.topcashback.com.au/mammotion/
Manchester Factory,Interior Decor,10% Cashback,,,https://www.topcashback.com.au/manchester-factory/
Mandai Wildlife Group,Experiences,12% Cashback,,yes,https://www.topcashback.com.au/mandai-wildlife-group/
Mango,Footwear,1% Cashback,,,https://www.topcashback.com.au/mango/
MANNING CARTELL,Footwear; Jewellery; Fashion,8% Cashback,,,https://www.topcashback.com.au/manning-cartell/
Maqo Hotels,Accommodation,5% Cashback,,,https://www.topcashback.com.au/maqo-hotels/
MARAIS,Footwear; Fashion,10% Cashback,,,https://www.topcashback.com.au/marais/
Marco Polo Hotels,Accommodation,No Cashback,,,https://www.topcashback.com.au/marco-polo-hotels/
MARCS,Accessories; Fashion,4% Cashback,,,https://www.topcashback.com.au/marcs/
Marimekko,Accessories; Interior Decor; Home and Garden; Fashion,8.5% Cashback,,,https://www.topcashback.com.au/marimekko/
Marley Spoon,Food and Drinks,$30 Cashback,,,https://www.topcashback.com.au/marley-spoon/
Matchbox,Interior Decor; Home and Garden,6% Cashback,,,https://www.topcashback.com.au/matchbox/
MATCHESFASHION,Accessories; Footwear; Luxury,Up to 4% Cashback,Online Purchase - Full Price Items: 4%; Online Purchase - Sale Items: 2%; Online Purchase with a voucher code (posted by TopCashback): 2%,,https://www.topcashback.com.au/matchesfashion/
Mathers,Footwear; Fashion,Up to 6% Cashback,Online Purchase (without use of a coupon code): 6%; Online Purchase (with use of a coupon code): 2%,,https://www.topcashback.com.au/mathers/
Mattress Crafters,Furniture; Interior Decor,6.4% Cashback,,,https://www.topcashback.com.au/mattress-crafters/
Mazzucchelli's,Jewellery; Fashion,5% Cashback,,,https://www.topcashback.com.au/mazzucchellis/
McAfee,Electricals; Home and Garden,30% Cashback,,,https://www.topcashback.com.au/mcafee/
Mejuri,Gifts; Jewellery; Fashion,10% Cashback,,yes,https://www.topcashback.com.au/mejuri/
Melrose Health,Health and Beauty,5% Cashback,,,https://www.topcashback.com.au/melrose-health/
Merit Beauty,Health and Beauty,11% Cashback,,yes,https://www.topcashback.com.au/merit-beauty/
Mermade Hair,Body and Hair; Health and Beauty,10% Cashback,,,https://www.topcashback.com.au/mermade-hair/
Merrell,Activewear; Accessories; Footwear; Fashion,Up to 7% Cashback,Full Price Item: 7%; Sale Items up to 70% off (higher discounts ineligible): 1%,,https://www.topcashback.com.au/merrell/
Meshki,Lingerie; Fashion,Up to 8% Cashback,New Customers: 8%; Existing Customers: 5%; Vouchers: 2%,,https://www.topcashback.com.au/meshki/
Meshy,Apps and Services,20% Cashback,,,https://www.topcashback.com.au/meshy/
Meta,Electricals; Home and Garden,4% Cashback,,,https://www.topcashback.com.au/meta/
Michele Franzese Moda,Fashion; Luxury,6% Cashback,,,https://www.topcashback.com.au/michele-franzese-moda/
Midas Shoes,Footwear; Fashion,6% Cashback,,,https://www.topcashback.com.au/midas-shoes/
Millers,Accessories; Furniture; Fashion,Up to 5% Cashback,Millers Products: 5%; All Other Products: 2%,,https://www.topcashback.com.au/millers/
Mimco,Lingerie; Fashion,5% Cashback,,,https://www.topcashback.com.au/mimco/
MiniJumbuk,Interior Decor; Home and Garden,7% Cashback,,,https://www.topcashback.com.au/minijumbuk/
MISHA,Fashion,5% Cashback,,,https://www.topcashback.com.au/mishaworld/
Mix & Match,Flights,Up to 4% Cashback,Hotel Bookings: 4%; Domestic Flight Bookings: 1%; International Flight Bookings: 2%,,https://www.topcashback.com.au/mix-and-match/
Mizuno,Activewear; Footwear; Fashion,6% Cashback,,,https://www.topcashback.com.au/mizuno/
Mizuno (NZ),Activewear; Footwear,6% Cashback,,,https://www.topcashback.com.au/mizuno-nz/
Mobile Tyre Shop,Cars and Bikes,5% Cashback,,,https://www.topcashback.com.au/mobile-tyre-shop/
Mobileciti,Contracts and PAYG,Up to 3% Cashback,Cart Value $1000 or less (excluding Apple): 3%; Cart Value $1001 to $2000 (excluding Apple): 2%; Cart Value $2001 or more: 1%; Apple Products: 1%; Listed Coupon Use: 1%,,https://www.topcashback.com.au/mobileciti/
Mocka Furniture,Furniture; Home and Garden,2% Cashback,,,https://www.topcashback.com.au/mocka-furniture/
Mocka Furniture (NZ),Furniture,2% Cashback,,,https://www.topcashback.com.au/mocka-furniture-nz/
MODES Global,Luxury,6% Cashback,,,https://www.topcashback.com.au/modes-global/
Modibodi,Kidswear; Lingerie; Fashion,4.5% Cashback,,,https://www.topcashback.com.au/modibodi/
Momentous Living,Furniture; Interior Decor,6% Cashback,,,https://www.topcashback.com.au/momentous-living/
Moonpig,Gifts,Up to 10% Cashback,New Customers - Cards & Mugs Purchases: 10%; Existing Customers - Cards & Mugs Purchases: 7.5%; All Other Purchases: 7.5%,,https://www.topcashback.com.au/moonpig/
More Telecom,Contracts and PAYG,15% Cashback,,,https://www.topcashback.com.au/more-telecom/
Morlife,Food and Drinks; Health and Beauty,10% Cashback,,,https://www.topcashback.com.au/morlife/
Mosmann Australia,Activewear; Kidswear; Fashion,5% Cashback,,,https://www.topcashback.com.au/mosmann-australia/
Mossman Clothing,Fashion,5% Cashback,,,https://www.topcashback.com.au/mossman-clothing/
Mountain Designs,Fashion,3% Cashback,,,https://www.topcashback.com.au/mountain-designs/
Mountain Warehouse,Cyclingtest; Footwear; Fashion,4% Cashback,,,https://www.topcashback.com.au/mountain-warehouse/
Mountfords Shoes,Footwear; Fashion,Up to 6% Cashback,Online Purchase: 6%; Listed Coupon Use: 2.5%,,https://www.topcashback.com.au/mountfords-shoes/
Mowrator,Garden,6% Cashback,,,https://www.topcashback.com.au/mowrator/
Mr Roses,Gifts,10% Cashback,,,https://www.topcashback.com.au/mr-roses/
Mr Vitamins,Health and Beauty,4% Cashback,,,https://www.topcashback.com.au/mr-vitamins/
Muscle Nation,Activewear; Accessories; Fashion; Health and Beauty,6% Cashback,,,https://www.topcashback.com.au/muscle-nation/
Mustard Made,Furniture; Interior Decor,6% Cashback,,,https://www.topcashback.com.au/mustard-made/
Mwave,Electricals; Laptops and Computers; Home and Garden,1% Cashback,,,https://www.topcashback.com.au/mwave/
My Muscle Chef,Food; Food and Drinks,Up to 6% Cashback,New Customers: 6%; Existing Customers: 3%,,https://www.topcashback.com.au/my-muscle-chef/
My Perfume Shop,Fragrances; Health and Beauty,6.5% Cashback,,,https://www.topcashback.com.au/my-perfume-shop/
My Royal Comfort,Furniture; Interior Decor; Home and Garden,9% Cashback,,,https://www.topcashback.com.au/my-royal-comfort/
MyBag,Jewellery,Up to 8% Cashback,Purchases using a coupon code: 2%; Existing Customer Purchase: 5%; New Customer Purchase: 8%,,https://www.topcashback.com.au/mybag/
myBrainCo,Health and Beauty,12.8% Cashback,,,https://www.topcashback.com.au/mybrainco/
mycar,Cars and Bikes,Up to 5% Cashback,"Standard Online Purchase: 4%; Continental, Kumho & Pirelli Tyres: 5%",,https://www.topcashback.com.au/mycar/
Myer,Activewear; Body and Hair; Cosmetics; Fragrances; Cyclingtest; Gifts; Furniture; Footwear; Interior Decor; Credit Rating; Kidswear; Home and Garden; Lingerie; Fashion; Health and Beauty,Up to 6.2% Cashback,"Menswear; Womenswear; Footwear; Accessories; Active: 6.2%; Beauty & Cosmetics (excludes CHANEL, Dior, Hermes, Aesop): 5%; All Other Purchases (including Marketplace, see terms): 2.5%; Childrenswear; Toys; Entertainment; Home; Concessions: 2.5%",,https://www.topcashback.com.au/myer/
MyHomeware,Home and Garden,Up to 5% Cashback,New Customers: 5%; Existing Customers: 3%,,https://www.topcashback.com.au/myhomeware/
MyHouse,Home Appliances; Home and Garden,4% Cashback,,,https://www.topcashback.com.au/myhouse/
Myprotein,Accessories; Food and Drinks; Fashion; Health and Beauty,8% Cashback,,yes,https://www.topcashback.com.au/myprotein/
MyTopia,Furniture; Home Appliances; Home and Garden; Health and Beauty,2% Cashback,,,https://www.topcashback.com.au/mytopia/
N-Essentials,Body and Hair; Health and Beauty,10% Cashback,,,https://www.topcashback.com.au/n-essentials/
NAJO,Accessories; Jewellery; Fashion,5% Cashback,,,https://www.topcashback.com.au/najo/
Naked Wines,Alcohol; Food and Drinks,$20 Cashback,,,https://www.topcashback.com.au/naked-wines/
NatPat,Health and Beauty,20% Cashback,,,https://www.topcashback.com.au/natpat/
Nautica,Footwear; Kidswear; Fashion,Up to 4% Cashback,Full Price items: 4%; Sale items: 3%,,https://www.topcashback.com.au/nautica/
Nerdywave,Fashion,12% Cashback,,,https://www.topcashback.com.au/nerdywave/
NET-A-PORTER,Accessories; Gifts; Footwear; Home and Garden; Fashion; Luxury; Health and Beauty,Up to 10% Cashback,Beauty: 4%; Fine Jewellery & Fine Watches items: 1%; Use of Coupon (must be listed on TopCashback): 3%; Other Full Price Items: 3%; Sale and Clearance Items: 1%; Existing Customers: 3%; New Customers: 10%,yes,https://www.topcashback.com.au/net-a-porter/
New Balance,Footwear; Fashion,2% Cashback,,,https://www.topcashback.com.au/new-balance/
New Era Cap,Accessories,2% Cashback,,,https://www.topcashback.com.au/new-era-cap/
New World Supermarket (NZ),Food; Food and Drinks,Up to 2% Cashback,New Customers: 2%; Existing Customers: 1%,,https://www.topcashback.com.au/new-world-nz/
Newchic,Accessories; Footwear; Home and Garden; Fashion,14% Cashback,,,https://www.topcashback.com.au/newchic/
Newentor,Furniture; Home and Garden,15% Cashback,,,https://www.topcashback.com.au/newentor/
Niccolo Hotels,Accommodation,5% Cashback,,,https://www.topcashback.com.au/niccolo-hotels/
Nixon,Accessories; Jewellery; Fashion,1% Cashback,,,https://www.topcashback.com.au/nixon/
NNE Furniture,Furniture,10% Cashback,,,https://www.topcashback.com.au/nne-furniture/
Nomad the Label,Fashion,5% Cashback,,,https://www.topcashback.com.au/nomad-the-label/
Noni B,Kidswear; Home and Garden; Fashion; Health and Beauty,Up to 5% Cashback,Noni B Branded Items: 5%; Other Purchases: 2%,,https://www.topcashback.com.au/noni-b/
NordicTrack,Electricals; Home and Garden,8% Cashback,,,https://www.topcashback.com.au/nordictrack/
NordVPN,Credit Rating,50% Cashback,,,https://www.topcashback.com.au/nord-vpn/
Nourished Life,Body and Hair; Home and Garden; Fashion; Health and Beauty,5% Cashback,,,https://www.topcashback.com.au/nourished-life/
Novo Shoes,Footwear; Fashion,8% Cashback,,yes,https://www.topcashback.com.au/novo-shoes/
Nude by Nature,Body and Hair; Health and Beauty,8% Cashback,,,https://www.topcashback.com.au/nude-by-nature/
Nude Lucy,Accessories; Fashion,Up to 4% Cashback,Full Price Items: 4%; Sale Items: 1%,,https://www.topcashback.com.au/nude-lucy/
Nugnes 1920,Fashion,6% Cashback,,,https://www.topcashback.com.au/nugnes-1920/
Number One Shoes + Hannahs (NZ),Footwear,8% Cashback,,,https://www.topcashback.com.au/number-one-shoes-nz/
Nursely Store,Health and Beauty,10% Cashback,,,https://www.topcashback.com.au/nursely-store/
Oakley,Activewear; Accessories; Cyclingtest; Fashion,Up to 8% Cashback,Online Purchase (excluding Oakley Meta HSTN): 8%; Oakley Meta HSTN: 6%,,https://www.topcashback.com.au/oakley/
Oaks Hotels,Accommodation,5% Cashback,,,https://www.topcashback.com.au/oaks-hotels/
Off-White,Accessories; Footwear; Kidswear; Fashion,5% Cashback,,,https://www.topcashback.com.au/off-white-/
Oil Garden,Health and Beauty,10% Cashback,,,https://www.topcashback.com.au/oil-garden/
Okada Manilla,Accommodation,6% Cashback,,,https://www.topcashback.com.au/okada-manilla/
Olight,Electricals; Home Appliances; Interior Decor; Home and Garden,10% Cashback,,,https://www.topcashback.com.au/olight/
Olive Young,Body and Hair; Cosmetics; Eyecare; Fragrances; Health and Beauty,4% Cashback,,,https://www.topcashback.com.au/olive-young/
Oluxury,Footwear; Jewellery; Luxury,8% Cashback,,,https://www.topcashback.com.au/oluxury/
Omio,Flights,Up to 6% Cashback,Trains & Ferries: 6%; Buses: 5%; Flights: 3%,,https://www.topcashback.com.au/omio/
On Trend Beauty,Cosmetics; Fragrances; Health and Beauty,5% Cashback,,,https://www.topcashback.com.au/on-trend-beauty/
One V Salon,Cosmetics; Eyecare; Health and Beauty,10% Cashback,,yes,https://www.topcashback.com.au/one-v-salon/
Onebed,Furniture; Home and Garden,10% Cashback,,,https://www.topcashback.com.au/onebed/
OneBioShop,Body and Hair; Cosmetics; Eyecare; Fragrances; Health and Beauty,10% Cashback,,,https://www.topcashback.com.au/onebioshop/
onefinestay,Holidays,2.75% Cashback,,,https://www.topcashback.com.au/onefinestay/
OnePass Mobile,Contracts and PAYG,5% Cashback,,,https://www.topcashback.com.au/onepass-mobile/
Optislim,Health and Beauty,10% Cashback,,,https://www.topcashback.com.au/optislim/
Optus,Contracts and PAYG,Up to $100 Cashback,5G Home Internet: $100; NBN Home Internet: $90; Postpaid Mobile (Device & SIM Plans): $70; Postpaid Mobile (SIM Only Plans): $40,,https://www.topcashback.com.au/optus-mobile/
Organics on a Budget,Health and Beauty,8% Cashback,,,https://www.topcashback.com.au/organics-on-a-budget/
Origin Mattress,Furniture; Interior Decor; Home and Garden,5% Cashback,,,https://www.topcashback.com.au/origin-mattress/
Original Mattress & Furniture,Furniture; Interior Decor; Home and Garden,Up to 8% Cashback,Original Mattress Factory Branded Products: 8%; All Other Products: 3%,,https://www.topcashback.com.au/original-mattress-and-furniture/
Orlando Vacation,Holidays,Up to 5% Cashback,Hotel Bookings: 5%; Tickets: 1.5%,,https://www.topcashback.com.au/orlando-vacation/
Oroton,Accessories; Fashion,Up to 7% Cashback,Online Purchase - New Customer: 7%; Online Purchase - Existing Customer: 4.5%,,https://www.topcashback.com.au/oroton/
Otterbox,Accessories; Fashion,Up to 6% Cashback,New Customers: 6%; Existing customers: 4%,,https://www.topcashback.com.au/otterbox/
Outbax,Electricals,Up to 7% Cashback,New Customers: 7%; Existing Customers: 5%; Listed Coupon Use: 2.5%,,https://www.topcashback.com.au/outbax/
Oxford Shop,Accessories; Footwear; Fashion,6% Cashback,,,https://www.topcashback.com.au/oxford-shop/
Oz Hair and Beauty,Body and Hair; Fragrances; Gifts; Credit Rating; Health and Beauty,Up to 6% Cashback,New Customers (excludes hair appliances): 6%; Existing Customers (excludes hair appliances): 4%,,https://www.topcashback.com.au/oz-hair-and-beauty/
Oz Smart Things,Electricals; Home and Garden,7% Cashback,,,https://www.topcashback.com.au/oz-smart-things/
Ozdingo Shopping,Marketplace,10% Cashback,,,https://www.topcashback.com.au/ozdingo-shopping/
OzMobiles,Contracts and PAYG; Electricals; Laptops and Computers; Home and Garden,2% Cashback,,,https://www.topcashback.com.au/ozmobiles/
Ozmosis,Kidswear; Fashion,7% Cashback,,,https://www.topcashback.com.au/ozmosis/
OZtrail,Home and Garden,Up to 5% Cashback,New Customers: 5%; Existing Customers: 2%,,https://www.topcashback.com.au/oztrail/
P.E Nation,Activewear; Fashion,Up to 12% Cashback,New Customers: 12%; Existing Customers: 6%,,https://www.topcashback.com.au/pe-nation/
Pace Athletic,Activewear,4% Cashback,,,https://www.topcashback.com.au/pace-athletic/
Pandora,Jewellery; Fashion,5% Cashback,,,https://www.topcashback.com.au/pandora-au/
Panmi,Electricals,2% Cashback,,,https://www.topcashback.com.au/panmi/
Panzera Watches,Accessories; Jewellery,2% Cashback,,,https://www.topcashback.com.au/panzera-watches/
Papique,Fragrances; Health and Beauty,10% Cashback,,,https://www.topcashback.com.au/papique/
Paris Georgia,Fashion,Up to 8% Cashback,New Customer: 8%; Existing Customer: 5%; Sale Item: 5%,,https://www.topcashback.com.au/paris-georgia/
Paris Saint-Germain Store,Activewear,2% Cashback,,,https://www.topcashback.com.au/paris-saint-germain-store/
ParkBooker,Accommodation; Holidays,$20 Cashback,,,https://www.topcashback.com.au/parkbooker/
Pashion Foorwear,Footwear,4% Cashback,,,https://www.topcashback.com.au/pashion-foorwear/
PatPat,Kidswear,5% Cashback,,,https://www.topcashback.com.au/patpat/
Patricks,Health and Beauty,5% Cashback,,,https://www.topcashback.com.au/patricks/
Paula's Choice,Health and Beauty,5% Cashback,,,https://www.topcashback.com.au/paulas-choice/
PC Case Gear,Delivery Services; Electricals; Home and Garden,1% Cashback,,,https://www.topcashback.com.au/pc-case-gear/
Peak Chocolate,Food; Food and Drinks,32% Cashback,,,https://www.topcashback.com.au/peak-chocolate/
Pedro Shoes,Footwear,7% Cashback,,,https://www.topcashback.com.au/pedro-shoes/
Perfect Moment,Activewear,3% Cashback,,,https://www.topcashback.com.au/perfect-moment/
Perfumes Club,Fragrances; Health and Beauty,Up to 3% Cashback,,,https://www.topcashback.com.au/perfumes-club/
Pergolux,Home and Garden,1% Cashback,,,https://www.topcashback.com.au/pergolux/
Perri Cutten,Fashion,Up to 7% Cashback,New Customers: 7%; Existing Customers: 3%,,https://www.topcashback.com.au/perri-cutten/
Pet Circle,Credit Rating,Up to 6% Cashback,New Customers: 6%; Existing Customers: 1.5%,,https://www.topcashback.com.au/pet-circle/
Petal & Pup,Accessories; Fashion,5% Cashback,,,https://www.topcashback.com.au/petal-and-pup/
Petals Network,Gifts,15% Cashback,,,https://www.topcashback.com.au/petals-network/
Petbarn,Credit Rating,Up to 15% Cashback,"Click & Collect Orders: 15%; Non-Food (New Petbarn Customers): 8%; Non-Food (Existing Petbarn Customers): 2%; Food Brands: Providore, ProBalance, Leaps & Bounds, The Nosh Project: 2%; Food Brands: All Others (including wormers & chews): 1%",yes,https://www.topcashback.com.au/petbarn/
Peter Jackson,Fashion,3% Cashback,,,https://www.topcashback.com.au/peter-jackson/
PetPost,Credit Rating,1.5% Cashback,,,https://www.topcashback.com.au/petpost/
PetsOnMe Pet Insurance,Insurance; Landlord Insurance,$50 Cashback,,,https://www.topcashback.com.au/petsonme-pet-insurance/
Petstock,Credit Rating,22% Cashback,,yes,https://www.topcashback.com.au/petstock/
Philips,Electricals; Home Appliances; Home and Garden,5% Cashback,,,https://www.topcashback.com.au/philips/
Philips Hue,Electricals; Home Appliances; Home and Garden,20% Cashback,,yes,https://www.topcashback.com.au/philips-hue/
Phonebot,Electricals; Laptops and Computers,1% Cashback,,,https://www.topcashback.com.au/phonebot/
Photobook,Gifts,5% Cashback,,,https://www.topcashback.com.au/photobook/
Pillow Talk,Furniture; Interior Decor; Home and Garden,9% Cashback,,yes,https://www.topcashback.com.au/pillow-talk/
Pit Viper,Activewear,6% Cashback,,,https://www.topcashback.com.au/pit-viper/
Pizza Hut,Food; Food and Drinks,Up to 7% Cashback,New Customers: 7%; Existing Customers: 2%,,https://www.topcashback.com.au/pizza-hut/
Planet Fitness,Health and Beauty,$20 Cashback,,,https://www.topcashback.com.au/planet-fitness/
Platypus Shoes,Footwear; Fashion,Up to 6% Cashback,Full Price Items: 6%; Sale Items up to 70% off (higher discounts ineligible): 3%,,https://www.topcashback.com.au/platypus-shoes/
PLAUD,Electricals; Home and Garden,8% Cashback,,,https://www.topcashback.com.au/plaud/
Polished London,Health and Beauty,10% Cashback,,,https://www.topcashback.com.au/polished-london/
POLITIX,Fashion,5% Cashback,,,https://www.topcashback.com.au/politix/
Posse,Accessories; Fashion,7% Cashback,,,https://www.topcashback.com.au/posse/
PrettyLittleThing,Fashion,Up to 6% Cashback,New Customers: 6%; Existing Customers: 3%,,https://www.topcashback.com.au/prettylittlething/
Price Attack,Body and Hair; Health and Beauty,10% Cashback,,,https://www.topcashback.com.au/price-attack/
Price Rite Mart,Fragrances; Health and Beauty,5% Cashback,,,https://www.topcashback.com.au/price-rite-mart/
Priceline Pharmacy,Health and Beauty,2.5% Cashback,,,https://www.topcashback.com.au/priceline-pharmacy/
Princess Cruises,Holidays,3% Cashback,,,https://www.topcashback.com.au/princess-cruises/
Princess Highway,Kidswear; Fashion,7% Cashback,,,https://www.topcashback.com.au/princess-highway/
Princess Polly,Accessories; Fashion,5% Cashback,,,https://www.topcashback.com.au/princess-polly/
Printcious,Gifts,27% Cashback,,,https://www.topcashback.com.au/printcious/
Private Internet Access,Credit Rating,90% Cashback,,yes,https://www.topcashback.com.au/private-internet-access/
Prolon,Food and Drinks; Health and Beauty,10% Cashback,,,https://www.topcashback.com.au/prolon/
Proviz,Activewear,6% Cashback,,,https://www.topcashback.com.au/proviz/
Pulse Charge,Electricals,Up to 8% Cashback,New Customers: 8%; Existing Customers: 3%,,https://www.topcashback.com.au/pulse-charge/
PUMA,Activewear; Accessories; Cyclingtest; Footwear; Kidswear; Fashion,10% Cashback,,,https://www.topcashback.com.au/puma/
Pump Haircare,Body and Hair; Health and Beauty,5% Cashback,,,https://www.topcashback.com.au/pump-haircare/
Pure Milford,Experiences,8% Cashback,,,https://www.topcashback.com.au/pure-milford/
Qatar Airways,Flights,4.5% Cashback,,yes,https://www.topcashback.com.au/qatar-airways/
Qathu,Body and Hair; Health and Beauty,10% Cashback,,,https://www.topcashback.com.au/qathu/
QBD Books,Books Magazines,6% Cashback,,,https://www.topcashback.com.au/qbd-books/
QT Hotels & Resorts,Accommodation,1.5% Cashback,,,https://www.topcashback.com.au/qt-hotels-and-resorts/
Quest Hotels & Resorts,Accommodation,5% Cashback,,,https://www.topcashback.com.au/quest-hotels-and-resorts/
Quicklens,Eyecare; Health and Beauty,Up to 10% Cashback,New Quicklens Customer: 10%; Existing Quicklens Customer: 5%,,https://www.topcashback.com.au/quicklens/
Quiksilver,Fashion,Up to 8% Cashback,Online Purchase: 8%; Listed Coupon Use: 5%,,https://www.topcashback.com.au/quiksilver/
Qustodio,Electricals,5% Cashback,,,https://www.topcashback.com.au/qustodio/
Radisson Hotels,Accommodation,12% Cashback,,yes,https://www.topcashback.com.au/radisson-hotels-au/
Rakuten Kobo,Books Magazines,Up to 10% Cashback,Device Accessories: 10%; Kobo eReaders: 5%; Gift Card Purchase: 5%; All Other Products: 1%; New Customers Completed Kobo Plus Trial: $1,,https://www.topcashback.com.au/rakuten-kobo/
Ray-Ban,Fashion,Up to 8% Cashback,Online Purchase (excluding Meta Products): 8%; Meta Products: 6%,,https://www.topcashback.com.au/ray-ban/
Rboutique,Fashion,6% Cashback,,,https://www.topcashback.com.au/rboutique/
RC & Co,Fashion,10% Cashback,,,https://www.topcashback.com.au/rc-and-co/
RECESS,Furniture; Home and Garden,10% Cashback,,,https://www.topcashback.com.au/recess/
Red Rat Clothing (NZ),Accessories; Footwear; Kidswear,8% Cashback,,,https://www.topcashback.com.au/red-rat-clothing-nz/
RedBalloon,Experiences; Holidays,5% Cashback,,,https://www.topcashback.com.au/redballoon/
Redbubble,Marketplace,2% Cashback,,,https://www.topcashback.com.au/redbubble/
Redefining Beauty,Cosmetics; Health and Beauty,Up to 30% Cashback,Redefining Beauty Own Brand Products: 30%; Other Brands: 10%,,https://www.topcashback.com.au/redefining-beauty/
Reebok,Activewear; Accessories; Gifts; Footwear; Kidswear; Fashion,4% Cashback,,,https://www.topcashback.com.au/reebok/
Reiss,Fashion,6% Cashback,,,https://www.topcashback.com.au/reiss/
RELIQUIA,Jewellery; Fashion,10% Cashback,,,https://www.topcashback.com.au/reliquia/
Remarkable Outdoor Living,Furniture,3% Cashback,,,https://www.topcashback.com.au/remarkable-outdoor-living/
Remedy Drinks,Food and Drinks; Gifts,8% Cashback,,,https://www.topcashback.com.au/remedy-drinks/
Renogy,Electricals; Home and Garden,4% Cashback,,,https://www.topcashback.com.au/renogy/
Renovator Store,Interior Decor,5% Cashback,,,https://www.topcashback.com.au/renovator-store/
Reolink,Diy; Electricals; Home Appliances; Home and Garden,3% Cashback,,,https://www.topcashback.com.au/reolink/
Resident Hotels,Accommodation,3% Cashback,,,https://www.topcashback.com.au/resident-hotels/
ResMed,Health and Beauty,5% Cashback,,,https://www.topcashback.com.au/resmed/
RespectHealth,Health and Beauty,4% Cashback,,,https://www.topcashback.com.au/respecthealth/
Review,Accessories; Footwear; Fashion,4% Cashback,,,https://www.topcashback.com.au/review/
Ride Electric,Cars and Bikes,6% Cashback,,yes,https://www.topcashback.com.au/ride-electric/
RingConn,Electricals; Home and Garden,8% Cashback,,,https://www.topcashback.com.au/ringconn/
Rinkit,Garden; Furniture; Interior Decor,10% Cashback,,,https://www.topcashback.com.au/rinkit/
Rip Curl,Activewear; Fashion,5% Cashback,,,https://www.topcashback.com.au/rip-curl/
Rivercity House and Home,Furniture; Home Appliances; Home and Garden,Up to 7% Cashback,Online Purchase: 7%; Purchase with a Coupon Code: 4%,,https://www.topcashback.com.au/rivercity-house-and-home/
Rivers,Accessories; Fashion,Up to 5% Cashback,Rivers Brand Products: 5%; All Other Products: 2%,,https://www.topcashback.com.au/rivers/
ROA Hiking,Footwear; Fashion,15% Cashback,,yes,https://www.topcashback.com.au/roa-hiking/
Robins Kitchen,Electricals; Home Appliances; Home and Garden,4% Cashback,,,https://www.topcashback.com.au/robins-kitchen/
Roborock Official,Electricals; Home Appliances; Home and Garden,3% Cashback,,,https://www.topcashback.com.au/roborock/
Rockmans,Accessories,5% Cashback,,,https://www.topcashback.com.au/rockmans/
Rockport,Footwear; Fashion,4% Cashback,,,https://www.topcashback.com.au/rockport/
Rockwear,Activewear; Fashion,3% Cashback,,,https://www.topcashback.com.au/rockwear/
Rolla's Jeans,Accessories; Fashion,5% Cashback,,,https://www.topcashback.com.au/rollas-jeans/
Rollie Nation,Footwear; Fashion,Up to 10% Cashback,New Customers: 10%; Existing Customers: 8%,,https://www.topcashback.com.au/rollie-nation/
Roses Only,Gifts,10% Cashback,,,https://www.topcashback.com.au/roses-only/
Roxy Australia,Fashion,Up to 8% Cashback,Online Purchase: 8%; Listed Coupon Use: 5%,,https://www.topcashback.com.au/roxy-australia/
Ruggable,Furniture; Interior Decor; Home and Garden,3% Cashback,,,https://www.topcashback.com.au/ruggable/
RunDNA,Activewear,7% Cashback,,,https://www.topcashback.com.au/rundna/
Running Bare,Activewear; Fashion,5% Cashback,,,https://www.topcashback.com.au/running-bare/
Rusty,Kidswear; Fashion,8% Cashback,,,https://www.topcashback.com.au/rusty/
Rydges Hotels & Resorts,Accommodation,2.5% Cashback,,,https://www.topcashback.com.au/rydges-hotels-and-resorts/
SABA,Fashion,5% Cashback,,,https://www.topcashback.com.au/saba/
SABEN,Accessories,5% Cashback,,,https://www.topcashback.com.au/saben/
Sabo,Fashion,3% Cashback,,,https://www.topcashback.com.au/sabo/
Saily eSIM,Contracts and PAYG,20% Cashback,,,https://www.topcashback.com.au/saily-esim/
Salt & Pepper,Furniture; Interior Decor; Home and Garden,5% Cashback,,,https://www.topcashback.com.au/salt-and-pepper/
Salvarity,Health and Beauty,10% Cashback,,,https://www.topcashback.com.au/salvarity/
Samsonite,Accessories; Fashion; Luxury,5% Cashback,,,https://www.topcashback.com.au/samsonite/
Samsung,Contracts and PAYG; Electricals; Home Appliances; Laptops and Computers; Home and Garden,Up to 6% Cashback,"Mobiles: 6%; Watch/Buds/Ring/Tablet: 5%; Monitors: 5%; Home Appliances - Fridges, Washers/Dryers, Dishwashers, Stick Vacs, Ovens, Aircon: 5%; Purchases via Samsung's AU Education Store: 2%",,https://www.topcashback.com.au/samsung/
Sand&Sky,Body and Hair; Cosmetics; Eyecare; Health and Beauty,2% Cashback,,,https://www.topcashback.com.au/sand-and-sky/
Sarah's Flowers,Gifts,10% Cashback,,,https://www.topcashback.com.au/sarahs-flowers/
Sarova Hotels & Resorts,Accommodation,6% Cashback,,,https://www.topcashback.com.au/sarova-hotels-and-resorts/
Sasa,Health and Beauty,Up to 10% Cashback,New Customers: 10%; Existing Customers: 5%,,https://www.topcashback.com.au/sasa/
Sass Clothing,Fashion,10% Cashback,,,https://www.topcashback.com.au/sass-clothing/
Sassy Organics,Health and Beauty,5% Cashback,,,https://www.topcashback.com.au/sassy-organics/
Saucony,Footwear; Fashion,Up to 5% Cashback,Full Price Items: 5%; Sale Items (see terms): 3%,,https://www.topcashback.com.au/saucony/
SAVAIT,Fashion,2.5% Cashback,,,https://www.topcashback.com.au/savait/
Savoy Dubai,Accommodation,6% Cashback,,,https://www.topcashback.com.au/savoy-dubai/
Scarosso,Fashion,8% Cashback,,,https://www.topcashback.com.au/scarosso/
Scent Australia Home,Fragrances; Health and Beauty,10% Cashback,,,https://www.topcashback.com.au/scent-australia-home/
Scent Box,Fragrances; Health and Beauty,$10 Cashback,,,https://www.topcashback.com.au/scent-box/
Schots Home Emporium,Furniture,Up to 10% Cashback,Schots Branded Items (SKU starts with KA): 10%; All Other Purchases: 3%,,https://www.topcashback.com.au/schots-home-emporium/
Science Research Wellness (NZ),Health and Beauty,Up to 8% Cashback,New Customers: 8%; Existing customers: 6%,,https://www.topcashback.com.au/science-research-wellness-nz/
Sea Life Kelly Tarltons (NZ),Experiences,2% Cashback,,,https://www.topcashback.com.au/sea-life-kelly-tarltons-nz/
Sea Life Melbourne,Experiences,2% Cashback,,,https://www.topcashback.com.au/sea-life-melbourne/
Sea Life Sunshine Coast,Experiences,2% Cashback,,,https://www.topcashback.com.au/sea-life-sunshine-coast/
Sea Life Sydney,Experiences; Holidays,2% Cashback,,,https://www.topcashback.com.au/sea-life-sydney/
Secret Bottle,Alcohol; Food and Drinks,8% Cashback,,,https://www.topcashback.com.au/secret-bottle/
Seek & Ramble,Furniture; Home and Garden,8% Cashback,,,https://www.topcashback.com.au/seek-and-ramble/
Segway Official,Cars and Bikes,3% Cashback,,,https://www.topcashback.com.au/segway/
Sennheiser,Electricals; Home and Garden,10% Cashback,,,https://www.topcashback.com.au/sennheiser/
Senser,Fashion,2% Cashback,,,https://www.topcashback.com.au/senser/
Sephora,Health and Beauty,Up to 10% Cashback,New Customers: 10%; Existing Customers: 2%,,https://www.topcashback.com.au/sephora/
SharkNinja,Home and Garden,8% Cashback,,,https://www.topcashback.com.au/shark-ninja/
Sheet Society,Furniture; Home and Garden,Up to 5% Cashback,New Customers: 5%; Existing Customers: 2.5%,,https://www.topcashback.com.au/sheet-society/
Sheike,Accessories; Fashion,Up to 6% Cashback,New Customers (full price items): 6%; Existing Customers: 2%; Sale Items: 2%,,https://www.topcashback.com.au/sheike/
SHEIN,Accessories; Footwear; Jewellery; Kidswear; Lingerie; Fashion,Up to 20% Cashback,New SHEIN Customers: 20%; Existing SHEIN Customers: 5%,yes,https://www.topcashback.com.au/shein/
Sheridan,Diy; Furniture; Interior Decor; Home and Garden; Luxury,Up to 8% Cashback,New Customers: 8%; Existing Customers: 4%,,https://www.topcashback.com.au/sheridan/
Sheridan Outlet,Diy; Furniture; Interior Decor; Home and Garden; Luxury,Up to 6% Cashback,New Customers: 6%; Existing Customers: 3%,,https://www.topcashback.com.au/sheridan-outlet/
Shhh Silk,Health and Beauty,8% Cashback,,,https://www.topcashback.com.au/shhh-silk/
SHIELS,Gifts; Luxury,Up to 8% Cashback,New Customers: 8%; Existing Customers: 4%,,https://www.topcashback.com.au/shiels/
Shoe Warehouse,Footwear; Fashion,4% Cashback,,,https://www.topcashback.com.au/shoe-warehouse/
Shoes & Sox,Footwear; Fashion,4% Cashback,,,https://www.topcashback.com.au/shoes-and-sox/
Shopnova,Accessories,10% Cashback,,,https://www.topcashback.com.au/shopnova/
Shopzero,Electricals; Fashion; Marketplace; Health and Beauty,Up to 7% Cashback,Online Purchase- Electronics & Office: 4%; Online Purchase - Apple Products: 2%; Online Purchase - all other purchases: 7%,,https://www.topcashback.com.au/shopzero/
Short Story,Accessories; Gifts; Home and Garden; Fashion,10% Cashback,,,https://www.topcashback.com.au/short-story/
Showpo,Accessories; Fashion,Up to 6% Cashback,New Customers (full price items): 6%; Existing Customers (full price items): 4%; Sale Items: 4%; Listed Coupon Use: 2%,,https://www.topcashback.com.au/showpo/
Significant Other,Fashion,3% Cashback,,,https://www.topcashback.com.au/significant-other/
SilkSilky,Fashion,10% Cashback,,,https://www.topcashback.com.au/silksilky/
Simply Sensitivity Checks,Health and Beauty,10% Cashback,,,https://www.topcashback.com.au/simply-sensitivity-checks/
Simply Wholesale,Food and Drinks,Up to 10% Cashback,Online Purchase with a voucher code: 10%; Online Purchase: 5%,,https://www.topcashback.com.au/simply-wholesale/
SIN Eyewear,Accessories; Eyecare; Health and Beauty,Up to 8% Cashback,New Customers (full price items): 8%; New Customers (sale items): 3%; Existing Customers (full price items): 4%; Existing Customers (sale items): 2%,,https://www.topcashback.com.au/sin-eyewear/
Singapore Airlines,Flights,0.5% Cashback,,,https://www.topcashback.com.au/singapore-airlines/
Siren Shoes,Footwear,5% Cashback,,,https://www.topcashback.com.au/siren-shoes/
Sit Back and Relax,Furniture; Interior Decor,4% Cashback,,,https://www.topcashback.com.au/sit-back-and-relax/
Skechers,Footwear; Fashion,Up to 7% Cashback,Full Priced Items: 7%; Sale Items up to 70% off (higher discounts ineligible): 3%,,https://www.topcashback.com.au/skechers/
Skin Virtue,Body and Hair; Health and Beauty,Up to 8% Cashback,Online Purchase - New Customer: 8%; Online Purchase - Existing Customer: 6%,,https://www.topcashback.com.au/skin-virtue/
SkinCeuticals,Body and Hair; Health and Beauty,12% Cashback,,yes,https://www.topcashback.com.au/skinceuticals/
Skyscanner,Car Hire; Accommodation; Flights,Up to 6% Cashback,"Flights: $8; Hotel Bookings (valid only for bookings via Trip.com, Agoda, Expedia): 6%; Car Rentals (valid only for rentals via VIPCars, HolidayAutos, Discover Cars, Rentalcars): 5%",,https://www.topcashback.com.au/skyscanner/
Slam Jam,Accessories,Up to 6% Cashback,Online Purchase (New Customers Only): 6%; Listed Coupon Use (New Customers Only): 4%,,https://www.topcashback.com.au/slam-jam/
Sleep and Beyond,Furniture,10% Cashback,,,https://www.topcashback.com.au/sleep-and-beyond/
Sleep Firm,Furniture,8% Cashback,,,https://www.topcashback.com.au/sleep-firm/
Sleep Republic,Furniture; Home and Garden,8% Cashback,,,https://www.topcashback.com.au/sleep-republic/
Sleeperz Hotels,Accommodation,3% Cashback,,,https://www.topcashback.com.au/sleeperz-hotels/
Sleeping Giant,Furniture; Interior Decor; Home and Garden,4% Cashback,,,https://www.topcashback.com.au/sleeping-giant/
SmileDirectClub,Cosmetics; Health and Beauty,Up to $50 Cashback,Schedule Scan Booking: $10; Kit Purchase: $10; Aligner Purchase Follwing Kit or Scan: $50,,https://www.topcashback.com.au/smiledirectclub/
Smooth Sales,Marketplace,0.5% Cashback,,,https://www.topcashback.com.au/smooth-sales/
Snooze,Furniture; Home and Garden,2% Cashback,,,https://www.topcashback.com.au/snooze/
Snowgoose,Food; Food and Drinks,10% Cashback,,,https://www.topcashback.com.au/snowgoose/
Sol Sana,Accessories; Fashion,5% Cashback,,,https://www.topcashback.com.au/sol-sana/
Solbari,Accessories; Fashion,8% Cashback,,,https://www.topcashback.com.au/solbari/
Sonos,Electricals; Home and Garden,Up to 3% Cashback,New Products (new customers): 3%; New Products (existing customers): 1%; Refurbished Products (new customers): 1.5%; Refurbished Products (existing customers): 0.5%,,https://www.topcashback.com.au/sonos/
Sony,Electricals; Home and Garden,3% Cashback,,,https://www.topcashback.com.au/sony/
Soundcore,Electricals; Home and Garden,7% Cashback,,,https://www.topcashback.com.au/soundcore/
Southern Cross Travel Insurance,Insurance; Landlord Insurance,7% Cashback,,,https://www.topcashback.com.au/southern-cross-travel-insurance/
Space General (NZ),Diy; Furniture; Interior Decor,10% Cashback,,,https://www.topcashback.com.au/space-general-nz/
Spacetalk Watch,Delivery Services; Electricals,5% Cashback,,,https://www.topcashback.com.au/spacetalk-watch/
Specsavers,Body and Hair; Eyecare; Health and Beauty,Up to 8% Cashback,New Customers (contact lenses only): 8%; Existing Customers (contact lenses only): 4%,,https://www.topcashback.com.au/specsavers/
Specsavers (NZ),Health and Beauty,Up to 4% Cashback,New Customers (contact lenses only): 4%; Existing Customers (contact lenses only): 2%,,https://www.topcashback.com.au/specsavers-nz/
Speedo,Activewear; Accessories; Cyclingtest; Fashion,10% Cashback,,yes,https://www.topcashback.com.au/speedo/
Spicers Retreats,Accommodation; Holidays,6% Cashback,,,https://www.topcashback.com.au/spicers-retreats/
Sports Direct,Activewear,2% Cashback,,,https://www.topcashback.com.au/sports-direct/
Sportscraft,Fashion,5% Cashback,,,https://www.topcashback.com.au/sportscraft/
Spotlight,Furniture; Interior Decor; Home and Garden,5% Cashback,,yes,https://www.topcashback.com.au/spotlight/
SSS Hair,Body and Hair; Health and Beauty,6% Cashback,,,https://www.topcashback.com.au/sss-hair/
St Frock,Fashion,5% Cashback,,,https://www.topcashback.com.au/stfrock/
Stadium Goods,Footwear; Fashion,5% Cashback,,,https://www.topcashback.com.au/stadium-goods/
Star RV,Car Hire; Accommodation; Holidays,5% Cashback,,,https://www.topcashback.com.au/star-rv/
Stayz,Holidays,8% Cashback,,,https://www.topcashback.com.au/stayz/
Step One,Lingerie; Fashion,Up to 5% Cashback,New Customer: 5%; Existing Customer: 3%,,https://www.topcashback.com.au/step-one/
Stiksen,Accessories,20% Cashback,,,https://www.topcashback.com.au/stiksen/
STRAAND,Body and Hair; Health and Beauty,5% Cashback,,,https://www.topcashback.com.au/straand/
Strand,Accessories; Cyclingtest; Fashion,Up to 5% Cashback,New Customers: 5%; Existing Customers: 3%,,https://www.topcashback.com.au/strand/
StrawberryNet,Body and Hair; Cosmetics; Fragrances; Health and Beauty,8% Cashback,,,https://www.topcashback.com.au/strawberrynet/
Stress Free Car Rental,Car Hire,Up to 50% Cashback,"Car Rental (partial prepayment value only, see terms): 50%; Add Ons (partial prepayment value only, see terms): 15%",,https://www.topcashback.com.au/stress-free-car-rental/
Stuart Weitzman,Footwear; Fashion,7% Cashback,,,https://www.topcashback.com.au/stuart-weitzman/
Stuhrling,Jewellery; Fashion,5% Cashback,,,https://www.topcashback.com.au/stuhrling/
Stylerunner,Activewear; Accessories; Footwear; Fashion; Health and Beauty,Up to 3% Cashback,Full Price Items: 3%; Sale Items: 1%,,https://www.topcashback.com.au/stylerunner/
Styletread,Footwear; Fashion,4% Cashback,,,https://www.topcashback.com.au/styletread/
Stylevana,Body and Hair; Cosmetics; Health and Beauty,Up to 10% Cashback,New Customers: 10%; Existing Customers: 5%,,https://www.topcashback.com.au/stylevana/
Suboo,Fashion,10% Cashback,,,https://www.topcashback.com.au/suboo/
SUBTYPE,Footwear; Fashion,Up to 8% Cashback,Sale Items up to 70% off (higher discounts ineligible): 4%; Full Price Items: 8%,,https://www.topcashback.com.au/subtype/
Sundae Body,Body and Hair; Health and Beauty,8% Cashback,,,https://www.topcashback.com.au/sundae-body/
Sunglass Hut,Fashion; Luxury,Up to 14% Cashback,Online Purchase (excluding Meta Products): 14%; Meta Products Only: 12%,yes,https://www.topcashback.com.au/sunglass-hut/
Sunwarrior,Health and Beauty,6% Cashback,,,https://www.topcashback.com.au/sunwarrior/
Super Sleeper Pro,Furniture; Interior Decor,Up to 5% Cashback,New Customers: 5%; Existing Customers: 3%,,https://www.topcashback.com.au/super-sleeper-pro/
Superdry,Accessories; Cyclingtest; Footwear; Fashion,4% Cashback,,,https://www.topcashback.com.au/superdry/
Superspares,Cars and Bikes,5% Cashback,,,https://www.topcashback.com.au/superspares/
Supplement Mart,Health and Beauty,4% Cashback,,,https://www.topcashback.com.au/supplement-mart/
Supre,Accessories; Fashion,13% Cashback,,yes,https://www.topcashback.com.au/supre/
Surf Dive 'n Ski,Fashion,8.4% Cashback,,,https://www.topcashback.com.au/surf-dive-n-ski/
Surfshark,Credit Rating,95% Cashback,,yes,https://www.topcashback.com.au/surfshark/
SurfStitch,Accessories; Fashion,4% Cashback,,,https://www.topcashback.com.au/surfstitch/
Sussan,Accessories; Fashion,5% Cashback,,,https://www.topcashback.com.au/sussan/
Swarovski,Accessories; Cyclingtest; Gifts; Jewellery; Fashion; Luxury,10% Cashback,,yes,https://www.topcashback.com.au/swarovski/
Sweat,Activewear; Health and Beauty,Up to $15 Cashback,New Annual Membership: $15; New Monthly Membership: $5,,https://www.topcashback.com.au/sweat/
SWIISH,Health and Beauty,10% Cashback,,,https://www.topcashback.com.au/swiish/
Sydney Tower Eye,Experiences,2% Cashback,,,https://www.topcashback.com.au/sydney-tower-eye/
T2 Tea,Food and Drinks,6% Cashback,,,https://www.topcashback.com.au/t2-tea/
TakeMeTour,Holidays,8% Cashback,,,https://www.topcashback.com.au/takemetour/
Taking Shape,Accessories; Footwear; Lingerie; Fashion,Up to 8% Cashback,New Customers: 8%; Existing Customers: 5%,,https://www.topcashback.com.au/taking-shape/
Tangerine,Contracts and PAYG,15% Cashback,,,https://www.topcashback.com.au/tangerine/
Taobao,Electricals; Furniture; Home Appliances; Interior Decor; Home and Garden,5.2% Cashback,,,https://www.topcashback.com.au/taobao/
Target,Accessories; Garden; Footwear; Interior Decor; Kidswear; Home and Garden; Lingerie; Fashion,2.5% Cashback,,,https://www.topcashback.com.au/target/
Tarocash,Fashion,Up to 5% Cashback,Full Price Items: 5%; Sale Items: 2%,,https://www.topcashback.com.au/tarocash/
Tarocash (NZ),Fashion,Up to 5% Cashback,Full Price Items: 5%; Sale Items: 3%,,https://www.topcashback.com.au/tarocash-nz/
Taylor & Hart,Jewellery,3% Cashback,,,https://www.topcashback.com.au/taylor-and-hart/
tbh Skincare,Body and Hair; Health and Beauty,8% Cashback,,,https://www.topcashback.com.au/tbh-skincare/
Ted Baker,Accessories; Footwear,7% Cashback,,,https://www.topcashback.com.au/ted-baker/
Tefal,Electricals; Home Appliances; Home and Garden,10% Cashback,,,https://www.topcashback.com.au/tefal/
Telechoice,Contracts and PAYG,Up to $25 Cashback,Refurbished Handsets: $25; New Handsets: $15; Handsets on Plans: $10; Prepaid Plans: $10; SIM Only Plans: $10; Accessories: $10; Phones on Plans: $10; Modems: $5,,https://www.topcashback.com.au/telechoice/
Temple & Webster,Furniture; Home and Garden,Up to 5% Cashback,Existing Customers: 1%; New Customers: 5%,,https://www.topcashback.com.au/temple-and-webster/
TEMU,Credit Rating; Marketplace,Up to 20% Cashback,New TEMU Customers ($120 cashback cap per order): 20%; Existing TEMU Customers ($120 cashback cap per order): 5%,,https://www.topcashback.com.au/temu/
Teva,Footwear; Fashion,Up to 10% Cashback,Sale Items: 6%; Full Priced Items: 10%,yes,https://www.topcashback.com.au/teva/
The Athlete's Foot,Footwear; Fashion,Up to 5% Cashback,Full Price Items: 5%; Sale Items up to 70% off (higher discounts ineligible): 3%,,https://www.topcashback.com.au/the-athletes-foot/
The Aussie Man,Body and Hair; Cosmetics; Health and Beauty,10% Cashback,,,https://www.topcashback.com.au/the-aussie-man/
The Australian Organic,Body and Hair; Health and Beauty,5% Cashback,,,https://www.topcashback.com.au/the-australian-organic/
The Australian Wine,Alcohol; Food and Drinks,Up to 10% Cashback,Existing Customers: 8%; New Customers: 10%; Existing Customers: 6%,yes,https://www.topcashback.com.au/the-australian-wine/
The Ayurveda Experience,Cosmetics; Health and Beauty,5% Cashback,,,https://www.topcashback.com.au/the-ayurveda-experience/
The Baby Gift Company,Gifts,5% Cashback,,,https://www.topcashback.com.au/the-baby-gift-company/
The Beach People,Interior Decor,10% Cashback,,,https://www.topcashback.com.au/the-beach-people/
The Beauty Chef,Health and Beauty,Up to 7% Cashback,New Customers: 7%; Existing Customers: 5%,,https://www.topcashback.com.au/the-beauty-chef/
The Body Shop,Body and Hair; Fragrances; Health and Beauty,4% Cashback,,,https://www.topcashback.com.au/the-body-shop/
The Business Fashion,Fashion,8% Cashback,,,https://www.topcashback.com.au/the-business-fashion/
The Collagen Co,Health and Beauty,Up to 3.5% Cashback,New Customers: 3.5%; Existing Customers: 1%,,https://www.topcashback.com.au/the-collagen-co/
The Daily Edited,Fashion,15% Cashback,,,https://www.topcashback.com.au/the-daily-edited/
The Double F,Kidswear,Up to 10% Cashback,New Customers (full price items): 10%; New Customers (sale items): 6%; Existing Customers (full price items): 8%; Existing Customers (sale items): 5%,,https://www.topcashback.com.au/the-double-f/
The Fast 800,Food; Food and Drinks; Health and Beauty,5% Cashback,,,https://www.topcashback.com.au/the-fast-800/
The Good Guys,Electricals; Home Appliances; Laptops and Computers; Home and Garden,3% Cashback,,,https://www.topcashback.com.au/the-good-guys/
The Gut Cø,Health and Beauty,10% Cashback,,,https://www.topcashback.com.au/the-gut-co/
The Healthy Mummy,Food; Food and Drinks; Health and Beauty,7.5% Cashback,,,https://www.topcashback.com.au/the-healthy-mummy/
The Hut,Fragrances; Furniture; Footwear; Home Appliances; Jewellery; Interior Decor; Kidswear; Health and Beauty,Up to 8% Cashback,Electricals and Technology: 1%; Toys: 2%; Purchase with Vouchercode: 2%; Homeware Purchase: 6%; Other Existing Customer Purchase: 5%; Other New Customer Purchase: 8%,,https://www.topcashback.com.au/the-hut/
THE ICONIC,Accessories; Cyclingtest; Footwear; Fashion,Up to 6% Cashback,New Customers via THE ICONIC App: 6%; New Customers via THE ICONIC Website: 5%; Existing Customers via THE ICONIC App: 2%; Existing Customers via THE ICONIC Website: 1%,,https://www.topcashback.com.au/the-iconic/
The Ironclad Co,Home Appliances; Home and Garden,7.5% Cashback,,,https://www.topcashback.com.au/the-ironclad-co/
The Jojoba Company,Body and Hair; Gifts; Health and Beauty,8% Cashback,,,https://www.topcashback.com.au/the-jojoba-company/
The Lady Shake,Health and Beauty,Up to 7% Cashback,New Customers: 7%; Existing Customers: 3%,,https://www.topcashback.com.au/the-lady-shake/
The Man Shake,Health and Beauty,Up to 7% Cashback,New Customers: 7%; Existing Customers: 3%,,https://www.topcashback.com.au/the-man-shake/
The Natural Transformer,Fitness; Health and Beauty,Up to 10% Cashback,Online Purchase - New Customer: 10%; Online Purchase - Existing Customer: 5%,,https://www.topcashback.com.au/the-natural-transformer/
The North Face,Activewear; Footwear; Fashion,Up to 10% Cashback,Full Price Items: 10%; Sale Items: 6%,yes,https://www.topcashback.com.au/the-north-face/
The Oodie,Kidswear; Fashion,Up to 8% Cashback,Orders over $100: 8%; Orders up to $100: 3%,,https://www.topcashback.com.au/the-oodie/
The Organic Skin Co,Body and Hair; Health and Beauty,12% Cashback,,,https://www.topcashback.com.au/the-organic-skin-co/
The Outlet (NZ),Footwear,8% Cashback,,,https://www.topcashback.com.au/the-outlet-nz/
The Outnet,Fashion,3% Cashback,,,https://www.topcashback.com.au/the-outnet/
The Personalised Gift Shop,Gifts,10% Cashback,,,https://www.topcashback.com.au/the-personalised-gift-shop/
The Somewhere Co.,Fashion,Up to 7% Cashback,New Customers: 7%; Existing Customers: 2%,,https://www.topcashback.com.au/the-somewhere-co/
The Stubby Club,Accessories; Gifts; Fashion,8% Cashback,,,https://www.topcashback.com.au/the-stubby-club/
The Ticket Merchant,Experiences,9% Cashback,,,https://www.topcashback.com.au/the-ticket-merchant/
The Trybe,Activewear; Accessories; Footwear; Kidswear; Fashion,Up to 3% Cashback,Online Purchase: 3%; Use of Listed Coupon: 1.5%,,https://www.topcashback.com.au/the-trybe/
The UGG Shop,Footwear; Fashion,10% Cashback,,,https://www.topcashback.com.au/the-ugg-shop/
The Well Store,Body and Hair; Cosmetics; Health and Beauty,7% Cashback,,,https://www.topcashback.com.au/the-well-store/
The Whisky Club,Alcohol; Food and Drinks,$15 Cashback,,,https://www.topcashback.com.au/the-whisky-club/
The Wine Collective,Alcohol; Food and Drinks,Up to 15% Cashback,New Customers: 15%; Existing Customers: 10%,yes,https://www.topcashback.com.au/the-wine-collective/
The WOD Life,Health and Beauty,3% Cashback,,,https://www.topcashback.com.au/the-wod-life/
Therabody,Accessories; Fashion,5% Cashback,,,https://www.topcashback.com.au/therabody/
Thomas Sabo,Jewellery,Up to 8% Cashback,New Customers: 8%; Existing Customers: 6%,,https://www.topcashback.com.au/thomas-sabo/
Thrill Experiences,Experiences,5% Cashback,,,https://www.topcashback.com.au/thrill-experiences/
Tick Travel Insurance,Insurance; Landlord Insurance,8% Cashback,,,https://www.topcashback.com.au/tick-travel-insurance/
Ticketek,Experiences,$1 Cashback,,,https://www.topcashback.com.au/ticketek/
Ticombo,Experiences,7% Cashback,,,https://www.topcashback.com.au/ticombo/
Timberland,Footwear; Fashion,Up to 8% Cashback,Full Price Items: 8%; Sale Items up to 70% off (higher discounts ineligible): 4%,,https://www.topcashback.com.au/timberland/
Tineco,Electricals; Home and Garden,10% Cashback,,,https://www.topcashback.com.au/tineco/
TKEES,Footwear,10% Cashback,,,https://www.topcashback.com.au/tkees/
Tommy Hilfiger,Kidswear; Fashion,3% Cashback,,,https://www.topcashback.com.au/tommy-hilfiger/
Tommy Hilfiger (NZ),Kidswear,3% Cashback,,,https://www.topcashback.com.au/tommy-hilfiger-nz/
TOMS,Footwear; Fashion,Up to 8% Cashback,New Customers: 8%; Existing Customer: 5%,,https://www.topcashback.com.au/toms/
Tony Bianco,Footwear; Fashion,5% Cashback,,,https://www.topcashback.com.au/tony-bianco/
Tools.com,Cars and Bikes,3% Cashback,,,https://www.topcashback.com.au/tools/
TopCashback Gift Cards,Gifts; Credit Rating,Up to 27% Cashback,,,https://www.topcashback.com.au/topcashback-gift-cardsau/
TORRAS,Electricals,10% Cashback,,,https://www.topcashback.com.au/torras/
Torro,Accessories,10% Cashback,,,https://www.topcashback.com.au/torro/
Toymate,Books Magazines; Gifts; Kidswear; Fashion,7% Cashback,,,https://www.topcashback.com.au/toymate/
Travala.com,Holidays,Up to 5.5% Cashback,Hotels (new customers): 5.5%; Hotels (existing cutomers): 5%; Activities (new customers): 5.5%; Activities (existing cutomers): 5%; Flights (new customers): 4.5%; Flights (existing customers): 4%; Car Rental (new customers): 5.5%; Car Rental (existing cutomers): 5%,,https://www.topcashback.com.au/travala/
Travel Protect Insurance,Insurance; Landlord Insurance,18% Cashback,,,https://www.topcashback.com.au/travel-protect-insurance/
Traveloka,Accommodation; Experiences; Flights; Holidays,Up to 22% Cashback,Activities: 4.5%; Disneyland & Universal Studios Tickets: 1%; International Flights: 1%; Hotels: 10%; eSIMs: 22%; Domestic Flights: 0.45%,yes,https://www.topcashback.com.au/traveloka/
TreatMe (NZ),Experiences,Up to 4% Cashback,Local Deals: 4%; Travel Deals: 2%,,https://www.topcashback.com.au/treatme-nz/
Trip.com,Accommodation; Flights; Holidays,Up to 11% Cashback,eSims: 11%; Hotels: 10%; Car Rentals: 10%; Airport Transfers: 10%; Flights (excluding Domestic China): 4%; Attraction Tickets: 4%; Tours & Activities: 5%; Cruises: 4%; Bundles (Flight + Hotel): 2.5%; Trains: 2%; Domestic China Flights: $0.45,yes,https://www.topcashback.com.au/trip/
Tripadvisor Tours & Experiences,Experiences,4% Cashback,,,https://www.topcashback.com.au/tripadvisor-tours-and-experiences/
Triumph,Lingerie; Fashion,10% Cashback,,,https://www.topcashback.com.au/triumph/
Trivago,Accommodation,$0.10 Cashback,,,https://www.topcashback.com.au/trivago/
Tropeaka,Health and Beauty,6% Cashback,,,https://www.topcashback.com.au/tropeaka/
Tsar Bomba Watches,Jewellery,10% Cashback,,,https://www.topcashback.com.au/tsar-bomba-watches/
Tuiss Blinds Online,Interior Decor; Home and Garden,2% Cashback,,,https://www.topcashback.com.au/blinds-online/
Tumi,Accessories; Fashion,3% Cashback,,,https://www.topcashback.com.au/tumi/
Turkish Airlines,Flights,2% Cashback,,,https://www.topcashback.com.au/turkish-airlines/
Twenty8,Body and Hair; Health and Beauty,15% Cashback,,,https://www.topcashback.com.au/twenty8/
TWOPAGES,Furniture,Up to 11% Cashback,New Customers: 11%; Existing Customers: 10%,,https://www.topcashback.com.au/twopages/
TWYG Skincare,Cosmetics; Health and Beauty,8% Cashback,,,https://www.topcashback.com.au/twyg-skincare/
Typo,Gifts; Interior Decor; Home and Garden,Up to 8% Cashback,New Customer: 8%; Existing Customer: 4%,,https://www.topcashback.com.au/typo/
Tyroola,Cars and Bikes,2% Cashback,,,https://www.topcashback.com.au/tyroola/
Uber Eats,Food; Food and Drinks,Up to $12 Cashback,New Customers: $12; Existing Customers: $0.40,,https://www.topcashback.com.au/uber-eats/
Uber Eats Delivery Driver,Food and Drinks,$100 Cashback,,,https://www.topcashback.com.au/uber-eats-delivery-driver/
Ubuy,Activewear; Body and Hair; Contracts and PAYG; Accessories; Electricals; Home Appliances; Home and Garden; Fashion; Marketplace; Health and Beauty,5% Cashback,,,https://www.topcashback.com.au/ubuy/
UFC,Activewear,Up to 5% Cashback,Online Purchase - Full Price Items: 5%; Online Purchase - Sale Items: 2%,,https://www.topcashback.com.au/ufc/
UGG,Footwear; Fashion,Up to 8% Cashback,Full Price Items: 8%; Sale Items: 4%,,https://www.topcashback.com.au/ugg/
UGG Express,Footwear; Fashion,Up to 14% Cashback,Full Price Items: 14%; Sale Items: 4%,yes,https://www.topcashback.com.au/ugg-express/
Ugreen,Electricals; Home and Garden,8% Cashback,,,https://www.topcashback.com.au/ugreen/
Ulike,Body and Hair; Health and Beauty,10% Cashback,,,https://www.topcashback.com.au/ulike/
Ultra Human,Delivery Services,7% Cashback,,,https://www.topcashback.com.au/ultra-human/
Ultra Violette,Cosmetics; Health and Beauty,5% Cashback,,,https://www.topcashback.com.au/ultra-violette/
Ultraceuticals,Cosmetics; Eyecare; Fashion; Health and Beauty,7% Cashback,,,https://www.topcashback.com.au/ultraceuticals/
Ultraceuticals (NZ),Cosmetics; Eyecare; Health and Beauty,7% Cashback,,,https://www.topcashback.com.au/ultraceuticals-nz/
Umall,Food; Food and Drinks,7% Cashback,,,https://www.topcashback.com.au/umall/
Umbro,Activewear; Footwear; Fashion,4% Cashback,,,https://www.topcashback.com.au/umbro/
Under Armour,Activewear; Accessories; Cyclingtest; Footwear; Kidswear; Fashion,8% Cashback,,,https://www.topcashback.com.au/under-armour/
Une Piece,Accessories,2% Cashback,,,https://www.topcashback.com.au/une-piece/
UNice,Fragrances; Luxury; Health and Beauty,6% Cashback,,,https://www.topcashback.com.au/unice/
UNOVINO,Alcohol; Food and Drinks,Up to 12.5% Cashback,Spend under $250: 7.5%; Spend between $240.01 and $500: 10%; Spend over $500: 12.5%,,https://www.topcashback.com.au/unovino/
UPPAbaby,Kidswear,Up to 10% Cashback,Any Coupon used or Sale items: 5%; Online Purchase - Return Customer: 8%; Online Purchase - New Customer: 10%,,https://www.topcashback.com.au/uppababy/
Urth,Accessories,10% Cashback,,,https://www.topcashback.com.au/urth/
Valmori,Furniture; Interior Decor,5% Cashback,,,https://www.topcashback.com.au/valmori/
Van Heusen,Fashion,3% Cashback,,,https://www.topcashback.com.au/van-heusen/
Vans,Footwear; Fashion,Up to 6% Cashback,Full Price Items: 6%; Sale Items up to 70% off (higher discounts ineligible): 3%,,https://www.topcashback.com.au/vans/
VENDERBY'S,Fashion,10% Cashback,,,https://www.topcashback.com.au/venderbys/
Verali Shoes,Footwear; Fashion,5% Cashback,,,https://www.topcashback.com.au/verali-shoes/
Veronika Maine,Fashion,Up to 8% Cashback,New Customers: 8%; Existing Customers: 5%,yes,https://www.topcashback.com.au/veronika-maine/
Verve Fitness,Activewear,5% Cashback,,,https://www.topcashback.com.au/verve-fitness/
Verve Portraits,Gifts,30% Cashback,,,https://www.topcashback.com.au/verve-portraits/
VEVOR,Diy; Garden; Home and Garden,3% Cashback,,,https://www.topcashback.com.au/vevor/
Viagogo,Experiences; Gifts,10% Cashback,,yes,https://www.topcashback.com.au/viagogo/
Viator – A TripAdvisor Company,Experiences,12% Cashback,,yes,https://www.topcashback.com.au/viator/
VicOffroad,Cars and Bikes; Electricals,8% Cashback,,,https://www.topcashback.com.au/vicoffroad/
Vida Glow,Cosmetics; Health and Beauty,5% Cashback,,,https://www.topcashback.com.au/vida-glow/
vidaXL,Diy; Garden; Furniture; Home Appliances; Interior Decor; Home and Garden,8% Cashback,,,https://www.topcashback.com.au/vidaxl/
Vine Apparel,Fashion,8% Cashback,,yes,https://www.topcashback.com.au/vine-apparel/
VIP Cars,Car Hire,Up to 50% Cashback,"Car Rental (partial prepayment value only, see terms): 50%; Insurance Cover Add-on: 10%",,https://www.topcashback.com.au/vip-cars/
Virgin Australia Flights,Flights,Up to 1.5% Cashback,Domestic Flights: 1.5%; International Short Haul Flights (destinations in terms): 1%,,https://www.topcashback.com.au/virgin-australia-flights/
Virgin Wines,Food and Drinks,Up to 15% Cashback,New Customers: 15%; Existing Customers: 6%,,https://www.topcashback.com.au/virgin-wines/
Vision Direct,Eyecare; Health and Beauty,5% Cashback,,,https://www.topcashback.com.au/vision-direct/
Vistaprint,Gifts,Up to 8% Cashback,"Standard Cashback (new customers): 8%; Standard Cashback (existing customers): 4%; Promotique, Hard Goods, Clothing & Bags: 3%",yes,https://www.topcashback.com.au/vistaprint/
Vital Pharmacy,Fragrances; Health and Beauty,1% Cashback,,,https://www.topcashback.com.au/vital-pharmacy/
Vital Proteins,Health and Beauty,Up to 13% Cashback,New Customer Purchase: 13%; Existing Customer Purchase: 6%,,https://www.topcashback.com.au/vital-proteins/
Vitality4Life,Furniture; Home Appliances,8.5% Cashback,,,https://www.topcashback.com.au/vitality4life/
Vivaia,Fashion,10% Cashback,,,https://www.topcashback.com.au/vivaia/
Vivobarefoot,Footwear; Fashion,10% Cashback,,,https://www.topcashback.com.au/vivobarefoot/
Vixin,Health and Beauty,8% Cashback,,,https://www.topcashback.com.au/vixin/
Vodafone,Contracts and PAYG,Up to 110% Cashback,$350 Prepaid Plus SIM - 12 month expiry (reduced to $219): 30%; $40 Prepaid Plus SIM - 28 day expiry (reduced to $14): 30%; Postpaid Plans with Handset (cashback on first month only): 110%; SIM-Only Plans (cashback on first month only): 90%; Prepaid Mobile Plans: 15%; 4G & 5G Home Internet Plans: $45,yes,https://www.topcashback.com.au/vodafone/
Volcom,Activewear; Fashion,2% Cashback,,,https://www.topcashback.com.au/volcom/
Volley,Footwear; Fashion,4% Cashback,,,https://www.topcashback.com.au/volley/
VoltX Energy,Home and Garden,$2 Cashback,,,https://www.topcashback.com.au/voltx-energy/
Vorsen,Furniture,5% Cashback,,,https://www.topcashback.com.au/vorsen/
Vrai,Accessories; Jewellery,2% Cashback,,,https://www.topcashback.com.au/vrai/
Vrbo,Accommodation,2% Cashback,,,https://www.topcashback.com.au/vrbo/
W Lane,Fashion,Up to 5% Cashback,Online Purchase - All Other Products: 2%; Online Purchase - W Lane Brand Products: 5%,,https://www.topcashback.com.au/w-lane/
Wahl,Body and Hair; Health and Beauty,5% Cashback,,,https://www.topcashback.com.au/wahl/
Wallaby Shop,Fashion,5% Cashback,,,https://www.topcashback.com.au/wallaby-shop/
Wallpaperdirect,Interior Decor,3% Cashback,,,https://www.topcashback.com.au/wallpaperdirect/
Wanan Luxury,Luxury,6% Cashback,,,https://www.topcashback.com.au/wanan-luxury/
WAS Travel Insurance,Insurance; Landlord Insurance,18% Cashback,,,https://www.topcashback.com.au/was-travel-insurance/
waterdrop,Food and Drinks,Up to 8% Cashback,New Customers: 8%; Existing Customers: 5%,,https://www.topcashback.com.au/waterdrop/
WeightWatchers,Health and Beauty,$8 Cashback,,,https://www.topcashback.com.au/weightwatchers/
WelleCo,Health and Beauty,5% Cashback,,,https://www.topcashback.com.au/welleco/
Welzo,Health and Beauty,10% Cashback,,,https://www.topcashback.com.au/welzo/
Wheel&Barrow,Interior Decor,5% Cashback,,,https://www.topcashback.com.au/wheel-and-barrow/
White & Co,Fashion,Up to 8% Cashback,New Customers: 8%; Existing Customers: 5%,,https://www.topcashback.com.au/white-and-co/
White Fox Boutique,Fashion,Up to 4% Cashback,New Customers: 4%; Existing Customers: 3%,,https://www.topcashback.com.au/white-fox-boutique/
White Glo,Body and Hair; Cosmetics; Health and Beauty,20% Cashback,,,https://www.topcashback.com.au/white-glo/
Who Gives A Crap,Health and Beauty,Up to 5% Cashback,New Customers: 5%; Existing Customers: 1%,,https://www.topcashback.com.au/who-gives-a-crap/
Wild,Health and Beauty,10% Cashback,,,https://www.topcashback.com.au/wildau/
Wild Earth,Accessories; Fashion,3.2% Cashback,,,https://www.topcashback.com.au/wild-earth/
WILD LIFE Sydney Zoo,Experiences,2% Cashback,,,https://www.topcashback.com.au/wild-life-sydney-zoo/
Wild Secrets,Health and Beauty,17% Cashback,,yes,https://www.topcashback.com.au/wild-secrets/
Williams Shoes,Footwear; Fashion,5% Cashback,,,https://www.topcashback.com.au/williams-shoes/
Windsor Smith,Footwear; Fashion,Up to 5% Cashback,Online Purchase - Full Price Items: 5%; Online Purchase - Sale Items: 2%,,https://www.topcashback.com.au/windsor-smith/
Wine Selectors,Alcohol; Food and Drinks,10% Cashback,,,https://www.topcashback.com.au/wine-selectors/
Witchery,Fashion,5% Cashback,,,https://www.topcashback.com.au/witchery-/
With Jean,Fashion,NoCashback,,,https://www.topcashback.com.au/with-jean/
Woolworths Groceries,Food; Food and Drinks,Up to 2% Cashback,New Customers (orders $50 to $1000): 2%; Existing Customers (orders $200 to $1000): 0.25%,,https://www.topcashback.com.au/woolworths-groceries/
Wotif,Car Hire; Accommodation; Holidays,Up to 8.5% Cashback,Hotels: 8.5%; Car Hire: 8.5%; Packages: 3%; Activities: 6%; Vacation Rentals: 2%,,https://www.topcashback.com.au/wotif/
Wrangler,Fashion,Up to 4% Cashback,Full Price Items: 4%; Sale items: 2%,,https://www.topcashback.com.au/wrangler/
Wrinkles Schminkles,Cosmetics; Health and Beauty,3% Cashback,,,https://www.topcashback.com.au/wrinkles-schminkles/
X50 Lifestyle,Health and Beauty,12% Cashback,,,https://www.topcashback.com.au/x50-lifestyle/
Xcaret Global,Experiences; Holidays,6% Cashback,,,https://www.topcashback.com.au/xcaret-global/
XHunter,Fashion,6.5% Cashback,,,https://www.topcashback.com.au/xhunter/
XP-PEN,Electricals,5% Cashback,,,https://www.topcashback.com.au/xp-pen/
xTool,Electricals; Home Appliances; Home and Garden,Up to 10% Cashback,Education: 10%; All Other: 4%,,https://www.topcashback.com.au/xtool/
Yardgames,Gifts,Up to 10% Cashback,"Online Purchase - Springfree, Peg Perego, John Deere & Henes Broon Items: 6%; Online Purchase - All Other Items: 10%",,https://www.topcashback.com.au/yardgames/
yd.,Fashion,3% Cashback,,,https://www.topcashback.com.au/yd/
Yellow Octopus,Gifts,Up to 4% Cashback,Online Purchase with a voucher code: 0.5%; Online Purchase - Office Supplies: 2%; Online Purchase: 4%,,https://www.topcashback.com.au/yellow-octopus/
Yes Chef Meals,Food; Food and Drinks,Up to 24% Cashback,New Customers: 24%; Existing Customers: 4%,,https://www.topcashback.com.au/yes-chef-meals/
YesStyle,Health and Beauty,4% Cashback,,,https://www.topcashback.com.au/yesstyle/
Yilite Hair,Body and Hair; Health and Beauty,7% Cashback,,,https://www.topcashback.com.au/yilite-hair/
Yinahla,Furniture; Home Appliances; Home and Garden,8% Cashback,,,https://www.topcashback.com.au/yinahla/
Yomojo,Contracts and PAYG,$20 Cashback,,,https://www.topcashback.com.au/yomojo/
YOOX,Interior Decor; Kidswear; Home and Garden; Fashion; Luxury,3% Cashback,,,https://www.topcashback.com.au/yoox/
You + All Fashion,Accessories; Footwear; Lingerie; Fashion,7% Cashback,,,https://www.topcashback.com.au/you-all-fashion/
Youfoodz,Food; Food and Drinks,Up to 50% Cashback,New Customers ($50 cashback cap per transaction): 50%; Existing or Past Customers ($25 cashback cap per transaction): 25%,yes,https://www.topcashback.com.au/youfoodz/
Your Sun Life Resorts,Accommodation,6% Cashback,,,https://www.topcashback.com.au/your-sun-life-resorts/
YSL Beauty,Cosmetics; Fragrances; Health and Beauty,18% Cashback,,yes,https://www.topcashback.com.au/ysl-beauty/
Zaful,Accessories; Footwear; Fashion,Up to 16% Cashback,New Zaful Customer: 16%; Existing Zaful Customer: 8%,,https://www.topcashback.com.au/zaful/
Zamel's,Jewellery; Fashion,5% Cashback,,,https://www.topcashback.com.au/zamels/
Zanui,Furniture; Interior Decor,Up to 5% Cashback,Existing Customer: 4%; Existing Customer (Using an approved voucher code): 3%; New Customer (Including purchases with an approved voucher code): 5%,,https://www.topcashback.com.au/zanui/
Zavvi,Footwear,Up to 5% Cashback,New Customers: 5%; Existing Customers: 1%; Technology: 0.5%,,https://www.topcashback.com.au/zavvi/
Zero Co,Health and Beauty,Up to 5% Cashback,Online Purchase - New Customer: 5%; Online Purchase - Existing Customer: 3%,,https://www.topcashback.com.au/zero-co/
Zing Wellbeing,Food; Food and Drinks; Health and Beauty,10% Cashback,,,https://www.topcashback.com.au/zing-wellbeing/
Zoom Travel Insurance,Insurance; Landlord Insurance,8% Cashback,,,https://www.topcashback.com.au/zoom-travel-insurance/
Zulily,Fashion,2% Cashback,,,https://www.topcashback.com.au/zulily/
